Id,Nombre_Municipio,Id_Departamento,Estado
1,MEDELLIN,1,Disponible
2,ABEJORRAL,1,Disponible
3,ABRIAQUI,1,Disponible
4,ALEJANDRIA,1,Disponible
5,AMAGA,1,Disponible
6,AMALFI,1,Disponible
7,ANDES,1,Disponible
8,ANGELOPOLIS,1,Disponible
9,ANGOSTURA,1,Disponible
10,ANORI,1,Disponible
11,SANTAFE DE ANTIOQUIA,1,Disponible
12,ANZA,1,Disponible
13,APARTADO,1,Disponible
14,ARBOLETES,1,Disponible
15,ARGELIA,1,Disponible
16,ARMENIA,1,Disponible
17,BARBOSA,1,Disponible
18,BELMIRA,1,Disponible
19,BELLO,1,Disponible
20,BETANIA,1,Disponible
21,BETULIA,1,Disponible
22,CIUDAD BOLIVAR,1,Disponible
23,BRICEÑO,1,Disponible
24,BURITICA,1,Disponible
25,CACERES,1,Disponible
26,CAICEDO,1,Disponible
27,CALDAS,1,Disponible
28,CAMPAMENTO,1,Disponible
29,CAÑASGORDAS,1,Disponible
30,CARACOLI,1,Disponible
31,CARAMANTA,1,Disponible
32,CAREPA,1,Disponible
33,EL CARMEN DE VIBORAL,1,Disponible
34,CAROLINA,1,Disponible
35,CAUCASIA,1,Disponible
36,CHIGORODO,1,Disponible
37,CISNEROS,1,Disponible
38,COCORNA,1,Disponible
39,CONCEPCION,1,Disponible
40,CONCORDIA,1,Disponible
41,COPACABANA,1,Disponible
42,DABEIBA,1,Disponible
43,DON MATIAS,1,Disponible
44,EBEJICO,1,Disponible
45,EL BAGRE,1,Disponible
46,ENTRERRIOS,1,Disponible
47,ENVIGADO,1,Disponible
48,FREDONIA,1,Disponible
49,FRONTINO,1,Disponible
50,GIRALDO,1,Disponible
51,GIRARDOTA,1,Disponible
52,GOMEZ PLATA,1,Disponible
53,GRANADA,1,Disponible
54,GUADALUPE,1,Disponible
55,GUARNE,1,Disponible
56,GUATAPE,1,Disponible
57,HELICONIA,1,Disponible
58,HISPANIA,1,Disponible
59,ITAGUI,1,Disponible
60,ITUANGO,1,Disponible
61,JARDIN,1,Disponible
62,JERICO,1,Disponible
63,LA CEJA,1,Disponible
64,LA ESTRELLA,1,Disponible
65,LA PINTADA,1,Disponible
66,LA UNION,1,Disponible
67,LIBORINA,1,Disponible
68,MACEO,1,Disponible
69,MARINILLA,1,Disponible
70,MONTEBELLO,1,Disponible
71,MURINDO,1,Disponible
72,MUTATA,1,Disponible
73,NARIÑO,1,Disponible
74,NECOCLI,1,Disponible
75,NECHI,1,Disponible
76,OLAYA,1,Disponible
77,PEÐOL,1,Disponible
78,PEQUE,1,Disponible
79,PUEBLORRICO,1,Disponible
80,PUERTO BERRIO,1,Disponible
81,PUERTO NARE,1,Disponible
82,PUERTO TRIUNFO,1,Disponible
83,REMEDIOS,1,Disponible
84,RETIRO,1,Disponible
85,RIONEGRO,1,Disponible
86,SABANALARGA,1,Disponible
87,SABANETA,1,Disponible
88,SALGAR,1,Disponible
89,SAN ANDRES DE CUERQUIA,1,Disponible
90,SAN CARLOS,1,Disponible
91,SAN FRANCISCO,1,Disponible
92,SAN JERONIMO,1,Disponible
93,SAN JOSE DE LA MONTAÑA,1,Disponible
94,SAN JUAN DE URABA,1,Disponible
95,SAN LUIS,1,Disponible
96,SAN PEDRO,1,Disponible
97,SAN PEDRO DE URABA,1,Disponible
98,SAN RAFAEL,1,Disponible
99,SAN ROQUE,1,Disponible
100,SAN VICENTE,1,Disponible
101,SANTA BARBARA,1,Disponible
102,SANTA ROSA DE OSOS,1,Disponible
103,SANTO DOMINGO,1,Disponible
104,EL SANTUARIO,1,Disponible
105,SEGOVIA,1,Disponible
106,SONSON,1,Disponible
107,SOPETRAN,1,Disponible
108,TAMESIS,1,Disponible
109,TARAZA,1,Disponible
110,TARSO,1,Disponible
111,TITIRIBI,1,Disponible
112,TOLEDO,1,Disponible
113,TURBO,1,Disponible
114,URAMITA,1,Disponible
115,URRAO,1,Disponible
116,VALDIVIA,1,Disponible
117,VALPARAISO,1,Disponible
118,VEGACHI,1,Disponible
119,VENECIA,1,Disponible
120,VIGIA DEL FUERTE,1,Disponible
121,YALI,1,Disponible
122,YARUMAL,1,Disponible
123,YOLOMBO,1,Disponible
124,YONDO,1,Disponible
125,ZARAGOZA,1,Disponible
126,BARRANQUILLA,2,Disponible
127,BARANOA,2,Disponible
128,CAMPO DE LA CRUZ,2,Disponible
129,CANDELARIA,2,Disponible
130,GALAPA,2,Disponible
131,JUAN DE ACOSTA,2,Disponible
132,LURUACO,2,Disponible
133,MALAMBO,2,Disponible
134,MANATI,2,Disponible
135,PALMAR DE VARELA,2,Disponible
136,PIOJO,2,Disponible
137,POLONUEVO,2,Disponible
138,PONEDERA,2,Disponible
139,PUERTO COLOMBIA,2,Disponible
140,REPELON,2,Disponible
141,SABANAGRANDE,2,Disponible
142,SABANALARGA,2,Disponible
143,SANTA LUCIA,2,Disponible
144,SANTO TOMAS,2,Disponible
145,SOLEDAD,2,Disponible
146,SUAN,2,Disponible
147,TUBARA,2,Disponible
148,USIACURI,2,Disponible
149,"BOGOTA, D.C.",3,Disponible
150,CARTAGENA,4,Disponible
151,ACHI,4,Disponible
152,ALTOS DEL ROSARIO,4,Disponible
153,ARENAL,4,Disponible
154,ARJONA,4,Disponible
155,ARROYOHONDO,4,Disponible
156,BARRANCO DE LOBA,4,Disponible
157,CALAMAR,4,Disponible
158,CANTAGALLO,4,Disponible
159,CICUCO,4,Disponible
160,CORDOBA,4,Disponible
161,CLEMENCIA,4,Disponible
162,EL CARMEN DE BOLIVAR,4,Disponible
163,EL GUAMO,4,Disponible
164,EL PEÑON,4,Disponible
165,HATILLO DE LOBA,4,Disponible
166,MAGANGUE,4,Disponible
167,MAHATES,4,Disponible
168,MARGARITA,4,Disponible
169,MARIA LA BAJA,4,Disponible
170,MONTECRISTO,4,Disponible
171,MOMPOS,4,Disponible
172,NOROSI,4,Disponible
173,MORALES,4,Disponible
174,PINILLOS,4,Disponible
175,REGIDOR,4,Disponible
176,RIO VIEJO,4,Disponible
177,SAN CRISTOBAL,4,Disponible
178,SAN ESTANISLAO,4,Disponible
179,SAN FERNANDO,4,Disponible
180,SAN JACINTO,4,Disponible
181,SAN JACINTO DEL CAUCA,4,Disponible
182,SAN JUAN NEPOMUCENO,4,Disponible
183,SAN MARTIN DE LOBA,4,Disponible
184,SAN PABLO,4,Disponible
185,SANTA CATALINA,4,Disponible
186,SANTA ROSA,4,Disponible
187,SANTA ROSA DEL SUR,4,Disponible
188,SIMITI,4,Disponible
189,SOPLAVIENTO,4,Disponible
190,TALAIGUA NUEVO,4,Disponible
191,TIQUISIO,4,Disponible
192,TURBACO,4,Disponible
193,TURBANA,4,Disponible
194,VILLANUEVA,4,Disponible
195,ZAMBRANO,4,Disponible
196,TUNJA,5,Disponible
197,ALMEIDA,5,Disponible
198,AQUITANIA,5,Disponible
199,ARCABUCO,5,Disponible
200,BELEN,5,Disponible
201,BERBEO,5,Disponible
202,BETEITIVA,5,Disponible
203,BOAVITA,5,Disponible
204,BOYACA,5,Disponible
205,BRICEÑO,5,Disponible
206,BUENAVISTA,5,Disponible
207,BUSBANZA,5,Disponible
208,CALDAS,5,Disponible
209,CAMPOHERMOSO,5,Disponible
210,CERINZA,5,Disponible
211,CHINAVITA,5,Disponible
212,CHIQUINQUIRA,5,Disponible
213,CHISCAS,5,Disponible
214,CHITA,5,Disponible
215,CHITARAQUE,5,Disponible
216,CHIVATA,5,Disponible
217,CIENEGA,5,Disponible
218,COMBITA,5,Disponible
219,COPER,5,Disponible
220,CORRALES,5,Disponible
221,COVARACHIA,5,Disponible
222,CUBARA,5,Disponible
223,CUCAITA,5,Disponible
224,CUITIVA,5,Disponible
225,CHIQUIZA,5,Disponible
226,CHIVOR,5,Disponible
227,DUITAMA,5,Disponible
228,EL COCUY,5,Disponible
229,EL ESPINO,5,Disponible
230,FIRAVITOBA,5,Disponible
231,FLORESTA,5,Disponible
232,GACHANTIVA,5,Disponible
233,GAMEZA,5,Disponible
234,GARAGOA,5,Disponible
235,GUACAMAYAS,5,Disponible
236,GUATEQUE,5,Disponible
237,GUAYATA,5,Disponible
238,GsICAN,5,Disponible
239,IZA,5,Disponible
240,JENESANO,5,Disponible
241,JERICO,5,Disponible
242,LABRANZAGRANDE,5,Disponible
243,LA CAPILLA,5,Disponible
244,LA VICTORIA,5,Disponible
245,LA UVITA,5,Disponible
246,VILLA DE LEYVA,5,Disponible
247,MACANAL,5,Disponible
248,MARIPI,5,Disponible
249,MIRAFLORES,5,Disponible
250,MONGUA,5,Disponible
251,MONGUI,5,Disponible
252,MONIQUIRA,5,Disponible
253,MOTAVITA,5,Disponible
254,MUZO,5,Disponible
255,NOBSA,5,Disponible
256,NUEVO COLON,5,Disponible
257,OICATA,5,Disponible
258,OTANCHE,5,Disponible
259,PACHAVITA,5,Disponible
260,PAEZ,5,Disponible
261,PAIPA,5,Disponible
262,PAJARITO,5,Disponible
263,PANQUEBA,5,Disponible
264,PAUNA,5,Disponible
265,PAYA,5,Disponible
266,PAZ DE RIO,5,Disponible
267,PESCA,5,Disponible
268,PISBA,5,Disponible
269,PUERTO BOYACA,5,Disponible
270,QUIPAMA,5,Disponible
271,RAMIRIQUI,5,Disponible
272,RAQUIRA,5,Disponible
273,RONDON,5,Disponible
274,SABOYA,5,Disponible
275,SACHICA,5,Disponible
276,SAMACA,5,Disponible
277,SAN EDUARDO,5,Disponible
278,SAN JOSE DE PARE,5,Disponible
279,SAN LUIS DE GACENO,5,Disponible
280,SAN MATEO,5,Disponible
281,SAN MIGUEL DE SEMA,5,Disponible
282,SAN PABLO DE BORBUR,5,Disponible
283,SANTANA,5,Disponible
284,SANTA MARIA,5,Disponible
285,SANTA ROSA DE VITERBO,5,Disponible
286,SANTA SOFIA,5,Disponible
287,SATIVANORTE,5,Disponible
288,SATIVASUR,5,Disponible
289,SIACHOQUE,5,Disponible
290,SOATA,5,Disponible
291,SOCOTA,5,Disponible
292,SOCHA,5,Disponible
293,SOGAMOSO,5,Disponible
294,SOMONDOCO,5,Disponible
295,SORA,5,Disponible
296,SOTAQUIRA,5,Disponible
297,SORACA,5,Disponible
298,SUSACON,5,Disponible
299,SUTAMARCHAN,5,Disponible
300,SUTATENZA,5,Disponible
301,TASCO,5,Disponible
302,TENZA,5,Disponible
303,TIBANA,5,Disponible
304,TIBASOSA,5,Disponible
305,TINJACA,5,Disponible
306,TIPACOQUE,5,Disponible
307,TOCA,5,Disponible
308,TOGsI,5,Disponible
309,TOPAGA,5,Disponible
310,TOTA,5,Disponible
311,TUNUNGUA,5,Disponible
312,TURMEQUE,5,Disponible
313,TUTA,5,Disponible
314,TUTAZA,5,Disponible
315,UMBITA,5,Disponible
316,VENTAQUEMADA,5,Disponible
317,VIRACACHA,5,Disponible
318,ZETAQUIRA,5,Disponible
319,MANIZALES,6,Disponible
320,AGUADAS,6,Disponible
321,ANSERMA,6,Disponible
322,ARANZAZU,6,Disponible
323,BELALCAZAR,6,Disponible
324,CHINCHINA,6,Disponible
325,FILADELFIA,6,Disponible
326,LA DORADA,6,Disponible
327,LA MERCED,6,Disponible
328,MANZANARES,6,Disponible
329,MARMATO,6,Disponible
330,MARQUETALIA,6,Disponible
331,MARULANDA,6,Disponible
332,NEIRA,6,Disponible
333,NORCASIA,6,Disponible
334,PACORA,6,Disponible
335,PALESTINA,6,Disponible
336,PENSILVANIA,6,Disponible
337,RIOSUCIO,6,Disponible
338,RISARALDA,6,Disponible
339,SALAMINA,6,Disponible
340,SAMANA,6,Disponible
341,SAN JOSE,6,Disponible
342,SUPIA,6,Disponible
343,VICTORIA,6,Disponible
344,VILLAMARIA,6,Disponible
345,VITERBO,6,Disponible
346,FLORENCIA,7,Disponible
347,ALBANIA,7,Disponible
348,BELEN DE LOS ANDAQUIES,7,Disponible
349,CARTAGENA DEL CHAIRA,7,Disponible
350,CURILLO,7,Disponible
351,EL DONCELLO,7,Disponible
352,EL PAUJIL,7,Disponible
353,LA MONTAÑITA,7,Disponible
354,MILAN,7,Disponible
355,MORELIA,7,Disponible
356,PUERTO RICO,7,Disponible
357,SAN JOSE DEL FRAGUA,7,Disponible
358,SAN VICENTE DEL CAGUAN,7,Disponible
359,SOLANO,7,Disponible
360,SOLITA,7,Disponible
361,VALPARAISO,7,Disponible
362,POPAYAN,8,Disponible
363,ALMAGUER,8,Disponible
364,ARGELIA,8,Disponible
365,BALBOA,8,Disponible
366,BOLIVAR,8,Disponible
367,BUENOS AIRES,8,Disponible
368,CAJIBIO,8,Disponible
369,CALDONO,8,Disponible
370,CALOTO,8,Disponible
371,CORINTO,8,Disponible
372,EL TAMBO,8,Disponible
373,FLORENCIA,8,Disponible
374,GUACHENE,8,Disponible
375,GUAPI,8,Disponible
376,INZA,8,Disponible
377,JAMBALO,8,Disponible
378,LA SIERRA,8,Disponible
379,LA VEGA,8,Disponible
380,LOPEZ,8,Disponible
381,MERCADERES,8,Disponible
382,MIRANDA,8,Disponible
383,MORALES,8,Disponible
384,PADILLA,8,Disponible
385,PAEZ,8,Disponible
386,PATIA,8,Disponible
387,PIAMONTE,8,Disponible
388,PIENDAMO,8,Disponible
389,PUERTO TEJADA,8,Disponible
390,PURACE,8,Disponible
391,ROSAS,8,Disponible
392,SAN SEBASTIAN,8,Disponible
393,SANTANDER DE QUILICHAO,8,Disponible
394,SANTA ROSA,8,Disponible
395,SILVIA,8,Disponible
396,SOTARA,8,Disponible
397,SUAREZ,8,Disponible
398,SUCRE,8,Disponible
399,TIMBIO,8,Disponible
400,TIMBIQUI,8,Disponible
401,TORIBIO,8,Disponible
402,TOTORO,8,Disponible
403,VILLA RICA,8,Disponible
404,VALLEDUPAR,9,Disponible
405,AGUACHICA,9,Disponible
406,AGUSTIN CODAZZI,9,Disponible
407,ASTREA,9,Disponible
408,BECERRIL,9,Disponible
409,BOSCONIA,9,Disponible
410,CHIMICHAGUA,9,Disponible
411,CHIRIGUANA,9,Disponible
412,CURUMANI,9,Disponible
413,EL COPEY,9,Disponible
414,EL PASO,9,Disponible
415,GAMARRA,9,Disponible
416,GONZALEZ,9,Disponible
417,LA GLORIA,9,Disponible
418,LA JAGUA DE IBIRICO,9,Disponible
419,MANAURE,9,Disponible
420,PAILITAS,9,Disponible
421,PELAYA,9,Disponible
422,PUEBLO BELLO,9,Disponible
423,RIO DE ORO,9,Disponible
424,LA PAZ,9,Disponible
425,SAN ALBERTO,9,Disponible
426,SAN DIEGO,9,Disponible
427,SAN MARTIN,9,Disponible
428,TAMALAMEQUE,9,Disponible
429,MONTERIA,10,Disponible
430,AYAPEL,10,Disponible
431,BUENAVISTA,10,Disponible
432,CANALETE,10,Disponible
433,CERETE,10,Disponible
434,CHIMA,10,Disponible
435,CHINU,10,Disponible
436,CIENAGA DE ORO,10,Disponible
437,COTORRA,10,Disponible
438,LA APARTADA,10,Disponible
439,LORICA,10,Disponible
440,LOS CORDOBAS,10,Disponible
441,MOMIL,10,Disponible
442,MONTELIBANO,10,Disponible
443,MOÑITOS,10,Disponible
444,PLANETA RICA,10,Disponible
445,PUEBLO NUEVO,10,Disponible
446,PUERTO ESCONDIDO,10,Disponible
447,PUERTO LIBERTADOR,10,Disponible
448,PURISIMA,10,Disponible
449,SAHAGUN,10,Disponible
450,SAN ANDRES SOTAVENTO,10,Disponible
451,SAN ANTERO,10,Disponible
452,SAN BERNARDO DEL VIENTO,10,Disponible
453,SAN CARLOS,10,Disponible
454,SAN PELAYO,10,Disponible
455,TIERRALTA,10,Disponible
456,VALENCIA,10,Disponible
457,AGUA DE DIOS,11,Disponible
458,ALBAN,11,Disponible
459,ANAPOIMA,11,Disponible
460,ANOLAIMA,11,Disponible
461,ARBELAEZ,11,Disponible
462,BELTRAN,11,Disponible
463,BITUIMA,11,Disponible
464,BOJACA,11,Disponible
465,CABRERA,11,Disponible
466,CACHIPAY,11,Disponible
467,CAJICA,11,Disponible
468,CAPARRAPI,11,Disponible
469,CAQUEZA,11,Disponible
470,CARMEN DE CARUPA,11,Disponible
471,CHAGUANI,11,Disponible
472,CHIA,11,Disponible
473,CHIPAQUE,11,Disponible
474,CHOACHI,11,Disponible
475,CHOCONTA,11,Disponible
476,COGUA,11,Disponible
477,COTA,11,Disponible
478,CUCUNUBA,11,Disponible
479,EL COLEGIO,11,Disponible
480,EL PEÑON,11,Disponible
481,EL ROSAL,11,Disponible
482,FACATATIVA,11,Disponible
483,FOMEQUE,11,Disponible
484,FOSCA,11,Disponible
485,FUNZA,11,Disponible
486,FUQUENE,11,Disponible
487,FUSAGASUGA,11,Disponible
488,GACHALA,11,Disponible
489,GACHANCIPA,11,Disponible
490,GACHETA,11,Disponible
491,GAMA,11,Disponible
492,GIRARDOT,11,Disponible
493,GRANADA,11,Disponible
494,GUACHETA,11,Disponible
495,GUADUAS,11,Disponible
496,GUASCA,11,Disponible
497,GUATAQUI,11,Disponible
498,GUATAVITA,11,Disponible
499,GUAYABAL DE SIQUIMA,11,Disponible
500,GUAYABETAL,11,Disponible
501,GUTIERREZ,11,Disponible
502,JERUSALEN,11,Disponible
503,JUNIN,11,Disponible
504,LA CALERA,11,Disponible
505,LA MESA,11,Disponible
506,LA PALMA,11,Disponible
507,LA PEÑA,11,Disponible
508,LA VEGA,11,Disponible
509,LENGUAZAQUE,11,Disponible
510,MACHETA,11,Disponible
511,MADRID,11,Disponible
512,MANTA,11,Disponible
513,MEDINA,11,Disponible
514,MOSQUERA,11,Disponible
515,NARIÑO,11,Disponible
516,NEMOCON,11,Disponible
517,NILO,11,Disponible
518,NIMAIMA,11,Disponible
519,NOCAIMA,11,Disponible
520,VENECIA,11,Disponible
521,PACHO,11,Disponible
522,PAIME,11,Disponible
523,PANDI,11,Disponible
524,PARATEBUENO,11,Disponible
525,PASCA,11,Disponible
526,PUERTO SALGAR,11,Disponible
527,PULI,11,Disponible
528,QUEBRADANEGRA,11,Disponible
529,QUETAME,11,Disponible
530,QUIPILE,11,Disponible
531,APULO,11,Disponible
532,RICAURTE,11,Disponible
533,SAN ANTONIO DEL TEQUENDAMA,11,Disponible
534,SAN BERNARDO,11,Disponible
535,SAN CAYETANO,11,Disponible
536,SAN FRANCISCO,11,Disponible
537,SAN JUAN DE RIO SECO,11,Disponible
538,SASAIMA,11,Disponible
539,SESQUILE,11,Disponible
540,SIBATE,11,Disponible
541,SILVANIA,11,Disponible
542,SIMIJACA,11,Disponible
543,SOACHA,11,Disponible
544,SOPO,11,Disponible
545,SUBACHOQUE,11,Disponible
546,SUESCA,11,Disponible
547,SUPATA,11,Disponible
548,SUSA,11,Disponible
549,SUTATAUSA,11,Disponible
550,TABIO,11,Disponible
551,TAUSA,11,Disponible
552,TENA,11,Disponible
553,TENJO,11,Disponible
554,TIBACUY,11,Disponible
555,TIBIRITA,11,Disponible
556,TOCAIMA,11,Disponible
557,TOCANCIPA,11,Disponible
558,TOPAIPI,11,Disponible
559,UBALA,11,Disponible
560,UBAQUE,11,Disponible
561,VILLA DE SAN DIEGO DE UBATE,11,Disponible
562,UNE,11,Disponible
563,UTICA,11,Disponible
564,VERGARA,11,Disponible
565,VIANI,11,Disponible
566,VILLAGOMEZ,11,Disponible
567,VILLAPINZON,11,Disponible
568,VILLETA,11,Disponible
569,VIOTA,11,Disponible
570,YACOPI,11,Disponible
571,ZIPACON,11,Disponible
572,ZIPAQUIRA,11,Disponible
573,QUIBDO,12,Disponible
574,ACANDI,12,Disponible
575,ALTO BAUDO,12,Disponible
576,ATRATO,12,Disponible
577,BAGADO,12,Disponible
578,BAHIA SOLANO,12,Disponible
579,BAJO BAUDO,12,Disponible
580,BOJAYA,12,Disponible
581,EL CANTON DEL SAN PABLO,12,Disponible
582,CARMEN DEL DARIEN,12,Disponible
583,CERTEGUI,12,Disponible
584,CONDOTO,12,Disponible
585,EL CARMEN DE ATRATO,12,Disponible
586,EL LITORAL DEL SAN JUAN,12,Disponible
587,ISTMINA,12,Disponible
588,JURADO,12,Disponible
589,LLORO,12,Disponible
590,MEDIO ATRATO,12,Disponible
591,MEDIO BAUDO,12,Disponible
592,MEDIO SAN JUAN,12,Disponible
593,NOVITA,12,Disponible
594,NUQUI,12,Disponible
595,RIO IRO,12,Disponible
596,RIO QUITO,12,Disponible
597,RIOSUCIO,12,Disponible
598,SAN JOSE DEL PALMAR,12,Disponible
599,SIPI,12,Disponible
600,TADO,12,Disponible
601,UNGUIA,12,Disponible
602,UNION PANAMERICANA,12,Disponible
603,NEIVA,13,Disponible
604,ACEVEDO,13,Disponible
605,AGRADO,13,Disponible
606,AIPE,13,Disponible
607,ALGECIRAS,13,Disponible
608,ALTAMIRA,13,Disponible
609,BARAYA,13,Disponible
610,CAMPOALEGRE,13,Disponible
611,COLOMBIA,13,Disponible
612,ELIAS,13,Disponible
613,GARZON,13,Disponible
614,GIGANTE,13,Disponible
615,GUADALUPE,13,Disponible
616,HOBO,13,Disponible
617,IQUIRA,13,Disponible
618,ISNOS,13,Disponible
619,LA ARGENTINA,13,Disponible
620,LA PLATA,13,Disponible
621,NATAGA,13,Disponible
622,OPORAPA,13,Disponible
623,PAICOL,13,Disponible
624,PALERMO,13,Disponible
625,PALESTINA,13,Disponible
626,PITAL,13,Disponible
627,PITALITO,13,Disponible
628,RIVERA,13,Disponible
629,SALADOBLANCO,13,Disponible
630,SAN AGUSTIN,13,Disponible
631,SANTA MARIA,13,Disponible
632,SUAZA,13,Disponible
633,TARQUI,13,Disponible
634,TESALIA,13,Disponible
635,TELLO,13,Disponible
636,TERUEL,13,Disponible
637,TIMANA,13,Disponible
638,VILLAVIEJA,13,Disponible
639,YAGUARA,13,Disponible
640,RIOHACHA,14,Disponible
641,ALBANIA,14,Disponible
642,BARRANCAS,14,Disponible
643,DIBULLA,14,Disponible
644,DISTRACCION,14,Disponible
645,EL MOLINO,14,Disponible
646,FONSECA,14,Disponible
647,HATONUEVO,14,Disponible
648,LA JAGUA DEL PILAR,14,Disponible
649,MAICAO,14,Disponible
650,MANAURE,14,Disponible
651,SAN JUAN DEL CESAR,14,Disponible
652,URIBIA,14,Disponible
653,URUMITA,14,Disponible
654,VILLANUEVA,14,Disponible
655,SANTA MARTA,15,Disponible
656,ALGARROBO,15,Disponible
657,ARACATACA,15,Disponible
658,ARIGUANI,15,Disponible
659,CERRO SAN ANTONIO,15,Disponible
660,CHIBOLO,15,Disponible
661,CIENAGA,15,Disponible
662,CONCORDIA,15,Disponible
663,EL BANCO,15,Disponible
664,EL PIÑON,15,Disponible
665,EL RETEN,15,Disponible
666,FUNDACION,15,Disponible
667,GUAMAL,15,Disponible
668,NUEVA GRANADA,15,Disponible
669,PEDRAZA,15,Disponible
670,PIJIÑO DEL CARMEN,15,Disponible
671,PIVIJAY,15,Disponible
672,PLATO,15,Disponible
673,PUEBLOVIEJO,15,Disponible
674,REMOLINO,15,Disponible
675,SABANAS DE SAN ANGEL,15,Disponible
676,SALAMINA,15,Disponible
677,SAN SEBASTIAN DE BUENAVISTA,15,Disponible
678,SAN ZENON,15,Disponible
679,SANTA ANA,15,Disponible
680,SANTA BARBARA DE PINTO,15,Disponible
681,SITIONUEVO,15,Disponible
682,TENERIFE,15,Disponible
683,ZAPAYAN,15,Disponible
684,ZONA BANANERA,15,Disponible
685,VILLAVICENCIO,16,Disponible
686,ACACIAS,16,Disponible
687,BARRANCA DE UPIA,16,Disponible
688,CABUYARO,16,Disponible
689,CASTILLA LA NUEVA,16,Disponible
690,CUBARRAL,16,Disponible
691,CUMARAL,16,Disponible
692,EL CALVARIO,16,Disponible
693,EL CASTILLO,16,Disponible
694,EL DORADO,16,Disponible
695,FUENTE DE ORO,16,Disponible
696,GRANADA,16,Disponible
697,GUAMAL,16,Disponible
698,MAPIRIPAN,16,Disponible
699,MESETAS,16,Disponible
700,LA MACARENA,16,Disponible
701,URIBE,16,Disponible
702,LEJANIAS,16,Disponible
703,PUERTO CONCORDIA,16,Disponible
704,PUERTO GAITAN,16,Disponible
705,PUERTO LOPEZ,16,Disponible
706,PUERTO LLERAS,16,Disponible
707,PUERTO RICO,16,Disponible
708,RESTREPO,16,Disponible
709,SAN CARLOS DE GUAROA,16,Disponible
710,SAN JUAN DE ARAMA,16,Disponible
711,SAN JUANITO,16,Disponible
712,SAN MARTIN,16,Disponible
713,VISTAHERMOSA,16,Disponible
714,PASTO,17,Disponible
715,ALBAN,17,Disponible
716,ALDANA,17,Disponible
717,ANCUYA,17,Disponible
718,ARBOLEDA,17,Disponible
719,BARBACOAS,17,Disponible
720,BELEN,17,Disponible
721,BUESACO,17,Disponible
722,COLON,17,Disponible
723,CONSACA,17,Disponible
724,CONTADERO,17,Disponible
725,CORDOBA,17,Disponible
726,CUASPUD,17,Disponible
727,CUMBAL,17,Disponible
728,CUMBITARA,17,Disponible
729,CHACHAGsI,17,Disponible
730,EL CHARCO,17,Disponible
731,EL PEÑOL,17,Disponible
732,EL ROSARIO,17,Disponible
733,EL TABLON DE GOMEZ,17,Disponible
734,EL TAMBO,17,Disponible
735,FUNES,17,Disponible
736,GUACHUCAL,17,Disponible
737,GUAITARILLA,17,Disponible
738,GUALMATAN,17,Disponible
739,ILES,17,Disponible
740,IMUES,17,Disponible
741,IPIALES,17,Disponible
742,LA CRUZ,17,Disponible
743,LA FLORIDA,17,Disponible
744,LA LLANADA,17,Disponible
745,LA TOLA,17,Disponible
746,LA UNION,17,Disponible
747,LEIVA,17,Disponible
748,LINARES,17,Disponible
749,LOS ANDES,17,Disponible
750,MAGsI,17,Disponible
751,MALLAMA,17,Disponible
752,MOSQUERA,17,Disponible
753,NARIÑO,17,Disponible
754,OLAYA HERRERA,17,Disponible
755,OSPINA,17,Disponible
756,FRANCISCO PIZARRO,17,Disponible
757,POLICARPA,17,Disponible
758,POTOSI,17,Disponible
759,PROVIDENCIA,17,Disponible
760,PUERRES,17,Disponible
761,PUPIALES,17,Disponible
762,RICAURTE,17,Disponible
763,ROBERTO PAYAN,17,Disponible
764,SAMANIEGO,17,Disponible
765,SANDONA,17,Disponible
766,SAN BERNARDO,17,Disponible
767,SAN LORENZO,17,Disponible
768,SAN PABLO,17,Disponible
769,SAN PEDRO DE CARTAGO,17,Disponible
770,SANTA BARBARA,17,Disponible
771,SANTACRUZ,17,Disponible
772,SAPUYES,17,Disponible
773,TAMINANGO,17,Disponible
774,TANGUA,17,Disponible
775,SAN ANDRES DE TUMACO,17,Disponible
776,TUQUERRES,17,Disponible
777,YACUANQUER,17,Disponible
778,CUCUTA,18,Disponible
779,ABREGO,18,Disponible
780,ARBOLEDAS,18,Disponible
781,BOCHALEMA,18,Disponible
782,BUCARASICA,18,Disponible
783,CACOTA,18,Disponible
784,CACHIRA,18,Disponible
785,CHINACOTA,18,Disponible
786,CHITAGA,18,Disponible
787,CONVENCION,18,Disponible
788,CUCUTILLA,18,Disponible
789,DURANIA,18,Disponible
790,EL CARMEN,18,Disponible
791,EL TARRA,18,Disponible
792,EL ZULIA,18,Disponible
793,GRAMALOTE,18,Disponible
794,HACARI,18,Disponible
795,HERRAN,18,Disponible
796,LABATECA,18,Disponible
797,LA ESPERANZA,18,Disponible
798,LA PLAYA,18,Disponible
799,LOS PATIOS,18,Disponible
800,LOURDES,18,Disponible
801,MUTISCUA,18,Disponible
802,OCAÑA,18,Disponible
803,PAMPLONA,18,Disponible
804,PAMPLONITA,18,Disponible
805,PUERTO SANTANDER,18,Disponible
806,RAGONVALIA,18,Disponible
807,SALAZAR,18,Disponible
808,SAN CALIXTO,18,Disponible
809,SAN CAYETANO,18,Disponible
810,SANTIAGO,18,Disponible
811,SARDINATA,18,Disponible
812,SILOS,18,Disponible
813,TEORAMA,18,Disponible
814,TIBU,18,Disponible
815,TOLEDO,18,Disponible
816,VILLA CARO,18,Disponible
817,VILLA DEL ROSARIO,18,Disponible
818,ARMENIA,19,Disponible
819,BUENAVISTA,19,Disponible
820,CALARCA,19,Disponible
821,CIRCASIA,19,Disponible
822,CORDOBA,19,Disponible
823,FILANDIA,19,Disponible
824,GENOVA,19,Disponible
825,LA TEBAIDA,19,Disponible
826,MONTENEGRO,19,Disponible
827,PIJAO,19,Disponible
828,QUIMBAYA,19,Disponible
829,SALENTO,19,Disponible
830,PEREIRA,20,Disponible
831,APIA,20,Disponible
832,BALBOA,20,Disponible
833,BELEN DE UMBRIA,20,Disponible
834,DOSQUEBRADAS,20,Disponible
835,GUATICA,20,Disponible
836,LA CELIA,20,Disponible
837,LA VIRGINIA,20,Disponible
838,MARSELLA,20,Disponible
839,MISTRATO,20,Disponible
840,PUEBLO RICO,20,Disponible
841,QUINCHIA,20,Disponible
842,SANTA ROSA DE CABAL,20,Disponible
843,SANTUARIO,20,Disponible
844,BUCARAMANGA,21,Disponible
845,AGUADA,21,Disponible
846,ALBANIA,21,Disponible
847,ARATOCA,21,Disponible
848,BARBOSA,21,Disponible
849,BARICHARA,21,Disponible
850,BARRANCABERMEJA,21,Disponible
851,BETULIA,21,Disponible
852,BOLIVAR,21,Disponible
853,CABRERA,21,Disponible
854,CALIFORNIA,21,Disponible
855,CAPITANEJO,21,Disponible
856,CARCASI,21,Disponible
857,CEPITA,21,Disponible
858,CERRITO,21,Disponible
859,CHARALA,21,Disponible
860,CHARTA,21,Disponible
861,CHIMA,21,Disponible
862,CHIPATA,21,Disponible
863,CIMITARRA,21,Disponible
864,CONCEPCION,21,Disponible
865,CONFINES,21,Disponible
866,CONTRATACION,21,Disponible
867,COROMORO,21,Disponible
868,CURITI,21,Disponible
869,EL CARMEN DE CHUCURI,21,Disponible
870,EL GUACAMAYO,21,Disponible
871,EL PEÑON,21,Disponible
872,EL PLAYON,21,Disponible
873,ENCINO,21,Disponible
874,ENCISO,21,Disponible
875,FLORIAN,21,Disponible
876,FLORIDABLANCA,21,Disponible
877,GALAN,21,Disponible
878,GAMBITA,21,Disponible
879,GIRON,21,Disponible
880,GUACA,21,Disponible
881,GUADALUPE,21,Disponible
882,GUAPOTA,21,Disponible
883,GUAVATA,21,Disponible
884,GsEPSA,21,Disponible
885,HATO,21,Disponible
886,JESUS MARIA,21,Disponible
887,JORDAN,21,Disponible
888,LA BELLEZA,21,Disponible
889,LANDAZURI,21,Disponible
890,LA PAZ,21,Disponible
891,LEBRIJA,21,Disponible
892,LOS SANTOS,21,Disponible
893,MACARAVITA,21,Disponible
894,MALAGA,21,Disponible
895,MATANZA,21,Disponible
896,MOGOTES,21,Disponible
897,MOLAGAVITA,21,Disponible
898,OCAMONTE,21,Disponible
899,OIBA,21,Disponible
900,ONZAGA,21,Disponible
901,PALMAR,21,Disponible
902,PALMAS DEL SOCORRO,21,Disponible
903,PARAMO,21,Disponible
904,PIEDECUESTA,21,Disponible
905,PINCHOTE,21,Disponible
906,PUENTE NACIONAL,21,Disponible
907,PUERTO PARRA,21,Disponible
908,PUERTO WILCHES,21,Disponible
909,RIONEGRO,21,Disponible
910,SABANA DE TORRES,21,Disponible
911,SAN ANDRES,21,Disponible
912,SAN BENITO,21,Disponible
913,SAN GIL,21,Disponible
914,SAN JOAQUIN,21,Disponible
915,SAN JOSE DE MIRANDA,21,Disponible
916,SAN MIGUEL,21,Disponible
917,SAN VICENTE DE CHUCURI,21,Disponible
918,SANTA BARBARA,21,Disponible
919,SANTA HELENA DEL OPON,21,Disponible
920,SIMACOTA,21,Disponible
921,SOCORRO,21,Disponible
922,SUAITA,21,Disponible
923,SUCRE,21,Disponible
924,SURATA,21,Disponible
925,TONA,21,Disponible
926,VALLE DE SAN JOSE,21,Disponible
927,VELEZ,21,Disponible
928,VETAS,21,Disponible
929,VILLANUEVA,21,Disponible
930,ZAPATOCA,21,Disponible
931,SINCELEJO,22,Disponible
932,BUENAVISTA,22,Disponible
933,CAIMITO,22,Disponible
934,COLOSO,22,Disponible
935,COROZAL,22,Disponible
936,COVEÑAS,22,Disponible
937,CHALAN,22,Disponible
938,EL ROBLE,22,Disponible
939,GALERAS,22,Disponible
940,GUARANDA,22,Disponible
941,LA UNION,22,Disponible
942,LOS PALMITOS,22,Disponible
943,MAJAGUAL,22,Disponible
944,MORROA,22,Disponible
945,OVEJAS,22,Disponible
946,PALMITO,22,Disponible
947,SAMPUES,22,Disponible
948,SAN BENITO ABAD,22,Disponible
949,SAN JUAN DE BETULIA,22,Disponible
950,SAN MARCOS,22,Disponible
951,SAN ONOFRE,22,Disponible
952,SAN PEDRO,22,Disponible
953,SAN LUIS DE SINCE,22,Disponible
954,SUCRE,22,Disponible
955,SANTIAGO DE TOLU,22,Disponible
956,TOLU VIEJO,22,Disponible
957,IBAGUE,23,Disponible
958,ALPUJARRA,23,Disponible
959,ALVARADO,23,Disponible
960,AMBALEMA,23,Disponible
961,ANZOATEGUI,23,Disponible
962,ARMERO,23,Disponible
963,ATACO,23,Disponible
964,CAJAMARCA,23,Disponible
965,CARMEN DE APICALA,23,Disponible
966,CASABIANCA,23,Disponible
967,CHAPARRAL,23,Disponible
968,COELLO,23,Disponible
969,COYAIMA,23,Disponible
970,CUNDAY,23,Disponible
971,DOLORES,23,Disponible
972,ESPINAL,23,Disponible
973,FALAN,23,Disponible
974,FLANDES,23,Disponible
975,FRESNO,23,Disponible
976,GUAMO,23,Disponible
977,HERVEO,23,Disponible
978,HONDA,23,Disponible
979,ICONONZO,23,Disponible
980,LERIDA,23,Disponible
981,LIBANO,23,Disponible
982,MARIQUITA,23,Disponible
983,MELGAR,23,Disponible
984,MURILLO,23,Disponible
985,NATAGAIMA,23,Disponible
986,ORTEGA,23,Disponible
987,PALOCABILDO,23,Disponible
988,PIEDRAS,23,Disponible
989,PLANADAS,23,Disponible
990,PRADO,23,Disponible
991,PURIFICACION,23,Disponible
992,RIOBLANCO,23,Disponible
993,RONCESVALLES,23,Disponible
994,ROVIRA,23,Disponible
995,SALDAÑA,23,Disponible
996,SAN ANTONIO,23,Disponible
997,SAN LUIS,23,Disponible
998,SANTA ISABEL,23,Disponible
999,SUAREZ,23,Disponible
1000,VALLE DE SAN JUAN,23,Disponible
1001,VENADILLO,23,Disponible
1002,VILLAHERMOSA,23,Disponible
1003,VILLARRICA,23,Disponible
1004,CALI,24,Disponible
1005,ALCALA,24,Disponible
1006,ANDALUCIA,24,Disponible
1007,ANSERMANUEVO,24,Disponible
1008,ARGELIA,24,Disponible
1009,BOLIVAR,24,Disponible
1010,BUENAVENTURA,24,Disponible
1011,GUADALAJARA DE BUGA,24,Disponible
1012,BUGALAGRANDE,24,Disponible
1013,CAICEDONIA,24,Disponible
1014,CALIMA,24,Disponible
1015,CANDELARIA,24,Disponible
1016,CARTAGO,24,Disponible
1017,DAGUA,24,Disponible
1018,EL AGUILA,24,Disponible
1019,EL CAIRO,24,Disponible
1020,EL CERRITO,24,Disponible
1021,EL DOVIO,24,Disponible
1022,FLORIDA,24,Disponible
1023,GINEBRA,24,Disponible
1024,GUACARI,24,Disponible
1025,JAMUNDI,24,Disponible
1026,LA CUMBRE,24,Disponible
1027,LA UNION,24,Disponible
1028,LA VICTORIA,24,Disponible
1029,OBANDO,24,Disponible
1030,PALMIRA,24,Disponible
1031,PRADERA,24,Disponible
1032,RESTREPO,24,Disponible
1033,RIOFRIO,24,Disponible
1034,ROLDANILLO,24,Disponible
1035,SAN PEDRO,24,Disponible
1036,SEVILLA,24,Disponible
1037,TORO,24,Disponible
1038,TRUJILLO,24,Disponible
1039,TULUA,24,Disponible
1040,ULLOA,24,Disponible
1041,VERSALLES,24,Disponible
1042,VIJES,24,Disponible
1043,YOTOCO,24,Disponible
1044,YUMBO,24,Disponible
1045,ZARZAL,24,Disponible
1046,ARAUCA,25,Disponible
1047,ARAUQUITA,25,Disponible
1048,CRAVO NORTE,25,Disponible
1049,FORTUL,25,Disponible
1050,PUERTO RONDON,25,Disponible
1051,SARAVENA,25,Disponible
1052,TAME,25,Disponible
1053,YOPAL,26,Disponible
1054,AGUAZUL,26,Disponible
1055,CHAMEZA,26,Disponible
1056,HATO COROZAL,26,Disponible
1057,LA SALINA,26,Disponible
1058,MANI,26,Disponible
1059,MONTERREY,26,Disponible
1060,NUNCHIA,26,Disponible
1061,OROCUE,26,Disponible
1062,PAZ DE ARIPORO,26,Disponible
1063,PORE,26,Disponible
1064,RECETOR,26,Disponible
1065,SABANALARGA,26,Disponible
1066,SACAMA,26,Disponible
1067,SAN LUIS DE PALENQUE,26,Disponible
1068,TAMARA,26,Disponible
1069,TAURAMENA,26,Disponible
1070,TRINIDAD,26,Disponible
1071,VILLANUEVA,26,Disponible
1072,MOCOA,27,Disponible
1073,COLON,27,Disponible
1074,ORITO,27,Disponible
1075,PUERTO ASIS,27,Disponible
1076,PUERTO CAICEDO,27,Disponible
1077,PUERTO GUZMAN,27,Disponible
1078,LEGUIZAMO,27,Disponible
1079,SIBUNDOY,27,Disponible
1080,SAN FRANCISCO,27,Disponible
1081,SAN MIGUEL,27,Disponible
1082,SANTIAGO,27,Disponible
1083,VALLE DEL GUAMUEZ,27,Disponible
1084,VILLAGARZON,27,Disponible
1085,SAN ANDRES,28,Disponible
1086,PROVIDENCIA,28,Disponible
1087,LETICIA,29,Disponible
1088,EL ENCANTO,29,Disponible
1089,LA CHORRERA,29,Disponible
1090,LA PEDRERA,29,Disponible
1091,LA VICTORIA,29,Disponible
1092,MIRITI - PARANA,29,Disponible
1093,PUERTO ALEGRIA,29,Disponible
1094,PUERTO ARICA,29,Disponible
1095,PUERTO NARIÑO,29,Disponible
1096,PUERTO SANTANDER,29,Disponible
1097,TARAPACA,29,Disponible
1098,INIRIDA,30,Disponible
1099,BARRANCO MINAS,30,Disponible
1100,MAPIRIPANA,30,Disponible
1101,SAN FELIPE,30,Disponible
1102,PUERTO COLOMBIA,30,Disponible
1103,LA GUADALUPE,30,Disponible
1104,CACAHUAL,30,Disponible
1105,PANA PANA,30,Disponible
1106,MORICHAL,30,Disponible
1107,SAN JOSE DEL GUAVIARE,31,Disponible
1108,CALAMAR,31,Disponible
1109,EL RETORNO,31,Disponible
1110,MIRAFLORES,31,Disponible
1111,MITU,32,Disponible
1112,CARURU,32,Disponible
1113,PACOA,32,Disponible
1114,TARAIRA,32,Disponible
1115,PAPUNAUA,32,Disponible
1116,YAVARATE,32,Disponible
1117,PUERTO CARREÑO,33,Disponible
1118,LA PRIMAVERA,33,Disponible
1119,SANTA ROSALIA,33,Disponible
1120,CUMARIBO,33,Disponible
