idUsuario,Nombre1,Nombre2,Apellido1,Apellido2,titulo,contrasena,estado
1,Dolli,Tomasine,Rawll,Kelly,Mr,lwiGkNcs25fs,disponible
2,Tad,Chantal,Evison,Patman,Rev,mNdyYcNl,disponible
3,Herta,Ashton,Fante,Krink,Rev,Qq9vjybiQaIQ,disponible
4,Michel,Mickie,Spurritt,Eyres,Dr,l37TcZHLU8,disponible
5,Jeanne,Rodrick,Fritter,Miquelet,Mrs,T5SY3Et,disponible
6,Adrian,Kennith,Troubridge,Curthoys,Mr,IMPU6iEdH,disponible
7,Harold,Isabelita,Futcher,Gauge,Mrs,dF7GR9D,disponible
8,Papagena,Evey,Sillars,Hoogendorp,Mr,iEVjjQk,disponible
9,Reyna,Devy,McColgan,MacGeaney,Rev,PWhwVP,disponible
10,Daniela,Annecorinne,Campa,Pischoff,Rev,jSUoKq,disponible
11,Hamel,Kenon,Duncan,Fleay,Dr,PkG8FhRKZNG,disponible
12,Blanche,Berky,Sidney,Plant,Rev,Z9UBYKI0gR,disponible
13,Curcio,Emera,Courson,Tirone,Mrs,ODzVgHomVLz,disponible
14,Geneva,Giraud,Mounce,Ratchford,Ms,nqQYvGm6F,disponible
15,Rene,Hervey,Beswell,Clarricoates,Honorable,DCwCqOMVHF,disponible
16,Sisile,Paulie,Arends,Minico,Honorable,tEPJdxGe3,disponible
17,Tadio,Hillary,McTrustram,Fraschetti,Honorable,aidijG2,disponible
18,Brady,Ara,Turtle,Tiddy,Dr,GEVqxd,disponible
19,Welsh,Sophey,Garric,Foggarty,Ms,VCzVwzvAMDFP,disponible
20,Edythe,Joellen,Tierny,Pook,Rev,gIj7L5iuq,disponible
21,Benedick,Laird,Elkington,Edgehill,Rev,Jr8dUBkqV1,disponible
22,Raffarty,Ellene,Blankau,Beadle,Mrs,VUUhcnutJShW,disponible
23,Shannan,Madlen,Maccraw,Keunemann,Rev,VGB9dTLPX0,disponible
24,Barbara-anne,Carolann,Molder,Maciejak,Rev,PYwMCrKNBf,disponible
25,Dionis,Siouxie,Ricold,Axtonne,Mr,u7oPvGMiE0R,disponible
26,Bernhard,Garvin,Sowerbutts,Mantrup,Mrs,vasd1D,disponible
27,Lindsay,Daffy,Biernacki,Purkess,Honorable,MComBjrZ,disponible
28,Kalle,Oriana,Arrigucci,Bucknall,Rev,5ZF3ynL2f6,disponible
29,Biron,Sydel,Sowray,Gibbett,Dr,gPX6JI,disponible
30,Andriana,Brenna,Culkin,Wiggin,Mr,xFILDAny,disponible
31,Burlie,Anna-maria,Rosina,Coase,Honorable,ZQw9YwThqDwI,disponible
32,Bartholemy,Axel,McAdam,Tuxwell,Rev,W69brkJX3v,disponible
33,Courtney,Omero,Arnholtz,Akhurst,Ms,nslOhWqNNO,disponible
34,Cyril,Peg,Nizet,O'Hickey,Rev,tQ5UKOP,disponible
35,Jodee,Randolf,Haack,Barron,Mrs,9UguJcyOckP,disponible
36,Aloin,Beret,McGavigan,Nurny,Honorable,yKhlN5S8,disponible
37,Kiersten,Dori,Pering,Gallanders,Mrs,HeoMTcXCFCtR,disponible
38,Deena,Consuelo,Carabine,Fawcitt,Mrs,8LY4IXU8k8,disponible
39,Erroll,Orren,Cassel,Whyteman,Mr,uk7yoB1p,disponible
40,Johnna,Valaria,Nolda,O'Carran,Mrs,ZhSufFeIQhEe,disponible
41,Lew,Dallas,Janssen,Moran,Rev,5b2zn4tYOxM,disponible
42,Delaney,Lexis,Burston,Rozzell,Dr,PhcOGC,disponible
43,Dallon,Rosalinde,Scarce,Kerslake,Mrs,vrQhPS,disponible
44,Nichole,Packston,Wedgbrow,Gwillym,Dr,QxkLX5Y,disponible
45,Jefferson,Maddy,Edmed,Drummond,Ms,nR2tqtPG,disponible
46,Barris,Deidre,Smogur,Drayn,Ms,J78Tzb1Ernj,disponible
47,Ancell,Boigie,Alsobrook,Fant,Ms,6dyCHpBgfZUZ,disponible
48,Chrystal,Pren,Krinks,Budden,Honorable,wFifBRJynMlu,disponible
49,Sunshine,Ruby,Penzer,Lube,Mr,pidf36X0,disponible
50,Wilow,Englebert,Pawsey,Merkle,Ms,XH8REb,disponible
51,Ariadne,Heloise,Loins,Shand,Rev,ySoIay,disponible
52,Hertha,Sherlocke,Ruddock,Nanelli,Honorable,TZZygE,disponible
53,Emilie,Fannie,Dosedale,Cella,Mrs,QEGpfrSze,disponible
54,Gratiana,Costanza,Wilflinger,Applegarth,Honorable,ZJk4XSmH,disponible
55,Lucienne,Ferne,Meak,Trazzi,Ms,dralXglJe87,disponible
56,Cinda,Freda,Bemment,Holmyard,Rev,P4V7BFXYlP,disponible
57,Theodor,Kaitlynn,Trethewey,Carff,Dr,gxAHejXI,disponible
58,Lezley,Tudor,O'Suaird,Tollmache,Dr,Ucj5D62bP,disponible
59,Lynnette,Katusha,Elvish,Whybrow,Ms,yMNOVY,disponible
60,Pamella,Felipe,Spir,Harbour,Rev,kNpVVGa,disponible
61,Irvin,Giulietta,Splain,Sansum,Mrs,8hHVypiywK6y,disponible
62,Riane,Teena,Cino,Grolle,Ms,S4IYIO40Su80,disponible
63,Marty,Esma,Dewbury,Jayme,Ms,2vGO7GKy,disponible
64,Montgomery,Janessa,Jemison,Brixey,Ms,99lfN2,disponible
65,Peirce,Humfried,Vynehall,Boughtwood,Mr,ccZ1WimZ3,disponible
66,Ryan,Marysa,Heasman,Callear,Rev,ZskLTq,disponible
67,Raynard,Allix,Duckerin,MacColl,Honorable,9Y2WB5jo43,disponible
68,Aime,Giraud,Mattusov,Eyckelberg,Mr,xNeIVqLzi2Y,disponible
69,Gaynor,Paul,Leghorn,Romera,Honorable,PEMGQ1Wix,disponible
70,Gerald,Franz,Jelphs,Louden,Rev,sqa73qV5,disponible
71,Trefor,Sharlene,Ales0,Macvey,Rev,sPosgijNzWs,disponible
72,Teri,Alleen,Shoebrook,Casa,Dr,JNiQOD,disponible
73,Otha,Lebbie,Macourek,Jerche,Rev,1Vzw0VG,disponible
74,Ofilia,Mario,McClenaghan,Barwood,Rev,OW71RYMjsP,disponible
75,Marshal,Clevey,Malitrott,Willstrop,Mr,rkHjs6wGgGD,disponible
76,Monroe,Clo,Tottman,Benardette,Mrs,HHND2H8qOs,disponible
77,Elonore,Shea,McGuinley,Cobbald,Dr,NyMvklKwr3h,disponible
78,Joel,Barnaby,Gamlen,Girtin,Dr,gFZy4z,disponible
79,Kendra,Ellerey,Eastwell,Dagless,Ms,1PQScEDvs,disponible
80,Lory,Madeleine,Wapples,Lemmen,Dr,3vHBrT,disponible
81,Hewitt,Orly,Trayford,Bault,Mr,gK6zV5v,disponible
82,Tony,Raynard,Ziemens,Madgewick,Rev,GgjkJqWiqPV,disponible
83,Bevon,Umberto,Saunter,Bromell,Dr,fH1ysghzxxzR,disponible
84,Uri,Brooke,Franciottoi,Bolens,Honorable,ouHq9WUuTPL,disponible
85,Gunilla,Ervin,Hunter,McVie,Mrs,d5Qoj8E,disponible
86,Claiborne,Heidie,Ropkes,Simmig,Dr,r9aWSsTYQM9u,disponible
87,Joshua,Andrus,Prinnett,Sessuns,Mrs,KMeEbtuAQ2D,disponible
88,Reynold,Mohammed,Molson,McDunlevy,Mr,zo74qGsXam,disponible
89,Kelsi,Abbey,Gumb,Skillman,Mrs,W9vWFr,disponible
90,Tressa,Magnum,Gotter,Minithorpe,Dr,CU8Van2TC,disponible
91,Trina,Barbie,Stockman,Shafier,Mr,yBNnzgjMU,disponible
92,Terese,Donall,Penylton,Choak,Mr,BJ5b8cxe,disponible
93,Erhard,Marita,Tidcombe,Enos,Honorable,e7t5sahh,disponible
94,Mercedes,Lindy,Cafferty,Quigg,Honorable,223D0yuB,disponible
95,Rowen,Meghann,Boodell,Keemar,Dr,usUFrjTAz4NY,disponible
96,Leland,Charlot,Andrelli,Munton,Mrs,qQIfeFSsMie,disponible
97,Shirl,Eugenie,Scrivinor,Aireton,Dr,san8OU9Iy,disponible
98,Hillyer,Reilly,Rachuig,Mersey,Mr,3jur4ZLXQpt,disponible
99,Horst,Dunc,Lacaze,Denslow,Dr,SQEb9iITW,disponible
100,Harcourt,Eartha,Kleinsinger,Zanetti,Ms,vCv6hpeBNkT,disponible
101,Eugenius,Land,Daen,Falcus,Honorable,fDmgyNNsYW,disponible
102,Marquita,Doria,Strettell,Barsby,Mr,YlJ4Xy,disponible
103,Natty,Jade,Boulden,Coumbe,Ms,5N0pf9Vc,disponible
104,Elbertine,Sara-ann,Scocroft,Reddings,Mr,pQTPAo6IvXD,disponible
105,Letti,Isabelle,Frith,Mc Cahey,Honorable,SE2kb2une4,disponible
106,Gerrard,Saundra,Ruxton,Parris,Honorable,iDxzeJM9h,disponible
107,Cornela,Jeralee,Genery,Seymark,Honorable,qSBO45M1i,disponible
108,Bernice,Pietra,Heustace,Corkitt,Dr,97OPVQ,disponible
109,Hyman,Timothea,Balls,Addyman,Dr,R6aBg8sz,disponible
110,Marcile,Patti,Brehaut,Derbyshire,Rev,HuynbL5b,disponible
111,Gerry,Vaughan,Mulvany,Giorgietto,Ms,M5bIZl,disponible
112,Wittie,Gorden,Turtle,Faustian,Ms,GmThL2n9,disponible
113,Caterina,Barnaby,Tedder,Northbridge,Honorable,8j7syf,disponible
114,Tamma,Zonda,Bartunek,Fieldhouse,Honorable,Mo5mmS4,disponible
115,Bell,Kacy,Reburn,Clace,Honorable,6BHp6T1,disponible
116,Crissy,Marketa,Tume,Oki,Honorable,iL8hKKtE7qZx,disponible
117,Willie,Early,Vondrach,Goldie,Honorable,pAHu76,disponible
118,Fleming,Lynette,Branney,Bessent,Ms,EWV0FFnGFs,disponible
119,Gauthier,Ced,Joire,Titcombe,Dr,ACOEiBEMIA,disponible
120,Ike,Bary,McTeague,Ferrer,Mrs,Xv6RFFb1aMd,disponible
121,Aryn,Bartram,Layton,Bennellick,Honorable,BLuYavB0d,disponible
122,Thomasa,Eduard,Clissell,Everingham,Ms,If58XxKTN,disponible
123,Maureene,Morse,Ellerey,Briztman,Ms,rXRTmBT,disponible
124,Evelina,Frank,Batchelor,Edlestone,Mr,VaNKJr5hjB7,disponible
125,Ignacius,Angelica,Colleford,McAllan,Mrs,CrUM8nApIlZr,disponible
126,Kristos,Padget,Oldcroft,Bathoe,Mr,kXczeMCSyU5,disponible
127,Hercules,Benoit,Lumsden,Axtens,Ms,wjH2AXY64ol,disponible
128,Brianna,Glyn,Francesconi,McNeigh,Mr,zJuTnS0odK,disponible
129,Jonis,Rickert,Frankish,Beaston,Mr,W3UkAo1aca7,disponible
130,Murdock,Nonie,Di Biasi,Avramovich,Ms,3r312fPfnso,disponible
131,Stormie,Janella,Bealton,Britian,Honorable,kQVaCxWPM,disponible
132,Wanda,Reid,Abbets,Arbor,Ms,KIuOznups,disponible
133,Weston,Dwain,Bratcher,Crowley,Mrs,DWGgCMQevj,disponible
134,Pattin,Liam,Picot,Judge,Rev,LyAaYHVW,disponible
135,Beverley,Selie,Haysman,Braemer,Mrs,DeEaK6i,disponible
136,Irwinn,Powell,Andriss,Poter,Dr,O3rJNKniXJ8,disponible
137,Lorene,Jard,Kimbling,Whysall,Honorable,JA9HhNXgF,disponible
138,Guinevere,Maximilian,Reveley,Durnin,Ms,QfgcYmrwpwm9,disponible
139,Donna,Conant,Megroff,Guitel,Honorable,SL60Si0I,disponible
140,Alejandrina,Doloritas,Blakeman,Stentiford,Mr,E55LjKm,disponible
141,Marybelle,Rodolph,Wathall,Smalridge,Rev,X6bRc1Q,disponible
142,Grannie,Vida,Szanto,Boughtwood,Rev,DzB5Q4XISC,disponible
143,Lucais,Carlie,Aspland,Hayball,Dr,ejAhnX4j,disponible
144,Jasun,Ernestine,Dyment,Franciottoi,Ms,OefegwiFpx,disponible
145,Terese,Kimble,Picknett,Simenel,Mrs,XpadqR,disponible
146,Matteo,Cherin,Avery,Stroband,Rev,RQrfD7eVa7e1,disponible
147,Zea,Preston,Burle,Oaks,Dr,b00OzJ,disponible
148,Birch,Elicia,Crooke,Leask,Honorable,YmP6G60Z,disponible
149,Rosamund,Etienne,Jura,Crush,Mr,yPqUM3EnGS,disponible
150,Lucio,Dollie,Rebillard,Goom,Mrs,6bPUzflk,disponible
151,Kimble,Beitris,Rubenfeld,Comerford,Dr,Nk9YeACce,disponible
152,Marijn,Vida,Croutear,Frossell,Dr,qrN48924XJX,disponible
153,Camella,Verge,Dixey,Malarkey,Honorable,kScYuYv,disponible
154,Orelee,Darin,Barense,Stathers,Dr,YWqI8z0f,disponible
155,Vinnie,Mead,Edridge,Karlolak,Rev,Md0TWTT5,disponible
156,Abby,Tate,Tilsley,Borrill,Dr,kfBomT,disponible
157,Uriah,Guntar,Huett,Pevie,Honorable,gsV86rVRcn,disponible
158,Matteo,Siffre,Pavlenko,Wilsdon,Mr,F8Qa1Rs,disponible
159,Nelson,Allie,Seabrocke,Lysaght,Dr,7kkJcTsna,disponible
160,Stephine,Concettina,Marke,Tandey,Rev,I6aoWvrV,disponible
161,Shena,Hildegarde,Hamley,Shevill,Mr,hZ7gsJCY,disponible
162,Demetri,Claybourne,Walkinshaw,Alyoshin,Mr,l3eHAz41BtMB,disponible
163,Rad,Dara,Scholfield,Bluschke,Mrs,HpqLLw,disponible
164,Timofei,Pete,Brilon,Worman,Ms,L2u6yYe,disponible
165,Jeana,Diego,Gavriel,Surplice,Mr,jIc3nBeUiP,disponible
166,Bobbi,Zara,Riccardini,Spencelayh,Dr,LZW6ryV,disponible
167,Chane,Giraud,Gostridge,Notti,Rev,M2PR7TIQC,disponible
168,Marnie,Coop,Snalom,Mackett,Dr,kf98WbK0s3,disponible
169,Gretta,Daphene,Ranns,Baumert,Honorable,Wx0UNk,disponible
170,Lancelot,Inigo,Pottage,Farres,Ms,oO9ckQPm,disponible
171,Tann,Jandy,Sholl,Hulett,Rev,gfcXbxHw,disponible
172,Elbertina,Leanor,Balshaw,Cockrill,Mrs,wsSzeMmx,disponible
173,Clair,Bari,Ead,Druhan,Mrs,aUUxFAp,disponible
174,Ibby,Moshe,Mant,Kennelly,Mrs,a6cnQVDj,disponible
175,Jordanna,Farly,Mawtus,Kendal,Rev,mgLeNA,disponible
176,Alric,Ilene,Posten,Gully,Honorable,bR63gd3Xtpso,disponible
177,Early,Farlie,Labeuil,Slocombe,Dr,hBBun0QEg,disponible
178,Alene,Mathew,Steanson,Kinig,Rev,kvkWxGtaDr,disponible
179,Bernard,Sioux,Leverton,Dempster,Mrs,YwNyxbDjwv4,disponible
180,Delmor,Lauretta,Beevor,Dinnis,Mr,xxQU8W,disponible
181,Wolfgang,Maisey,Madgewick,Eichmann,Dr,dBWTci40n,disponible
182,Nike,See,Dewire,Chappel,Mrs,WYPhUj,disponible
183,Peggie,Maritsa,Koeppke,Mawford,Ms,0HU19TM,disponible
184,Niki,Timofei,Florey,Brisland,Mrs,9CvXIBIwvD7,disponible
185,Georgy,Jud,Nevitt,Gunson,Rev,UZSad1zyTbf,disponible
186,Isidora,Janetta,Riediger,Loalday,Honorable,Frm9jopE,disponible
187,Saraann,Meghan,Terren,Dincey,Honorable,A83HLkm,disponible
188,Angie,Siffre,Cornish,Mora,Rev,hNVUHS6pM2ib,disponible
189,Pammi,Mohammed,Benardeau,Lesek,Rev,JGMjhXiZS1A,disponible
190,Gauthier,Pincas,Farenden,Osmint,Mrs,EEpa8R8YG,disponible
191,Stesha,Zondra,Trodler,Everiss,Rev,jYvlDn,disponible
192,Oby,Denna,Eyles,Ruppert,Ms,qEaiT9EXGN1,disponible
193,Leanor,Natassia,Aloshikin,Rayson,Dr,KEM8Rjc8XDq8,disponible
194,Krista,Otha,McAnalley,Janzen,Honorable,qjOVsVYZgj11,disponible
195,Cristobal,Aline,Birchenhead,Dumbar,Honorable,XGE4YO4ddmwC,disponible
196,Chandler,Jerri,Symms,Binne,Ms,3d98ENh,disponible
197,Elihu,Emmerich,Bedome,Haxley,Dr,FRKn77pvwqZ,disponible
198,Dalis,Esteban,Hackford,Klawi,Ms,f8Wdjx,disponible
199,Philip,Cordie,Szymoni,Baynam,Honorable,qNQ8U6,disponible
200,Alexis,Cybil,Earlam,Butler,Honorable,6Y5GD0x2VDfP,disponible
201,Aryn,Bronson,Andersch,Cullum,Dr,6rqvgG0L,disponible
202,Corliss,Bent,Pykett,McGlone,Mrs,DnAYxp3,disponible
203,Rosemarie,Emmanuel,Ramsey,Upstone,Honorable,0C9Hkv7,disponible
204,Corri,Herman,Trahmel,Amthor,Ms,5MU3njN,disponible
205,Ricardo,Tito,Cherm,Jambrozek,Dr,wdL19Oo,disponible
206,Fay,Gilbert,Yurlov,Antognoni,Dr,OWHrefJmNGY,disponible
207,Hewie,Rafa,Gostall,Keedy,Dr,K0j5qJ4gCxM,disponible
208,Dickie,Rodrick,Ginsie,Handmore,Honorable,wFhz1rw4i,disponible
209,Thorvald,Rupert,Fidoe,Montgomery,Rev,Q2G7IIqZP9L9,disponible
210,Drona,Koenraad,Alleyne,Flowith,Ms,h4QuZ3,disponible
211,Garald,Cristen,Newell,McNickle,Mrs,kIbM679JO2,disponible
212,Ferdy,Jacenta,Stallan,Sedcole,Dr,Vd3xORKt7eFk,disponible
213,Teressa,Kaila,Jeanesson,Attride,Rev,8RKKkxP,disponible
214,Rosaleen,Kevyn,Pennicott,Swaton,Mr,hKSjsHK,disponible
215,Engracia,Tadeas,Tucknutt,Tumility,Ms,NzXy2hf,disponible
216,Anetta,Travers,McElhargy,Markus,Dr,X5tvZS6X,disponible
217,Brigg,Hertha,Liversedge,Blagdon,Ms,zhuYpTe6,disponible
218,Sholom,Aleta,Glaze,McDermott,Mr,a6bPF5EN45,disponible
219,Byran,Audie,Halden,Ratray,Mr,47rovT,disponible
220,Benyamin,Melisandra,Yglesia,Hayhow,Ms,MxmS71Rj,disponible
221,Hope,Bruce,Fearenside,Syplus,Ms,khIOEQ8ueF,disponible
222,Irma,Dolly,Bonass,Michelmore,Honorable,pxOPsQ36L,disponible
223,Raymond,Marjorie,Bockh,Lebang,Ms,Je4jDXu1,disponible
224,Chryste,Demetra,Guillet,Gozard,Mr,vM2kg0UOvKm,disponible
225,Ben,Avery,Siehard,Aldous,Honorable,6PqQq8,disponible
226,Chastity,Merill,Dolder,Coatsworth,Honorable,4biPKX,disponible
227,Kimmy,Martie,Bragginton,Checketts,Dr,jyGWdHZ3M,disponible
228,Jackie,Loree,MacDunleavy,Penright,Dr,hIQpRlRNAI,disponible
229,Christie,Elissa,Belli,Louch,Ms,06DKrmqosI1x,disponible
230,Mario,Rina,Lauritzen,Lante,Ms,MDJkCK6XvxUs,disponible
231,Prissie,Yehudit,Standrin,Mulvany,Rev,k6C9TJ7A5,disponible
232,Tomas,Bo,Tohill,Dahlman,Dr,JNgZt1OY0Sas,disponible
233,Vittoria,Nevil,Dalgardno,Meynell,Mrs,E432HT44ANm,disponible
234,Ladonna,Ardis,Mayes,Ragate,Ms,KQizckq02X5,disponible
235,Curcio,Coreen,Hubball,Bedborough,Mrs,2B3b9egm,disponible
236,Keeley,Erinna,Cambling,Margaret,Ms,KPqposCwy,disponible
237,Maynord,Reuven,Fowgies,Bisset,Mr,87CBmo3,disponible
238,Karl,Sela,Eicheler,Daine,Dr,NW3UPuTcHfBQ,disponible
239,Nicol,Husain,Dibbin,Odom,Honorable,uAcoUfG,disponible
240,Aubrey,Yorke,Gabala,Troake,Mr,WHQPkEWZVm,disponible
241,Nye,Puff,Petrovykh,Damsell,Dr,HkE5FH,disponible
242,Valerie,Avis,Gebbe,Hotchkin,Mr,5AKe0mQBidzg,disponible
243,Anne-marie,Gaye,Laugier,Peres,Dr,ocXmkjtX,disponible
244,Maxy,Ben,Bolmann,Lishman,Dr,prLcsaSv8bw,disponible
245,Arnie,Laurie,Pardew,Peterkin,Dr,1FKcEVzTqAyT,disponible
246,Emile,Lionello,Choat,Wickersham,Rev,ZcbTGxQ,disponible
247,Howard,Aguistin,Barron,Pinhorn,Mr,bQU3Gg,disponible
248,Vernon,Mal,Hestrop,Raff,Dr,TJoxqChG5J,disponible
249,Courtney,Leila,Gatenby,Tommasuzzi,Honorable,Zfng9N2Hv,disponible
250,Nissie,Perkin,Diboll,Brecon,Rev,DQKUNp,disponible
251,Tiffanie,Wilma,Langstone,Berzen,Mrs,ZHNWC1W7JJp,disponible
252,Viola,Tulley,Worsom,Zorzin,Ms,qSrdCnaLKx,disponible
253,Shea,Bridie,Hambright,McLellan,Mr,xsjwZBVRX7w,disponible
254,Shurwood,Karina,Shobbrook,Veness,Ms,Ch4Rl3T,disponible
255,Niven,Free,Gudgion,Kaines,Mrs,v1AepfsRs2,disponible
256,Nixie,Mimi,Lorenzin,Clendinning,Mrs,HhF9GG9zFd,disponible
257,Bee,Wesley,Laimable,Kinkade,Mrs,7oOUKaRV,disponible
258,Shantee,Ly,Powdrill,Janes,Ms,wndtBPbJK,disponible
259,Maggie,Charita,Esselin,Bolger,Ms,7ZgIq7JN,disponible
260,Alethea,Lanie,Malecky,Davy,Rev,BeG4M6,disponible
261,Dolley,Larry,Manis,Brockelsby,Rev,OvO6DM3h,disponible
262,Keary,Jarred,Hollyland,Hulles,Honorable,rM65L111,disponible
263,Dosi,Redford,O'Mullally,Shotter,Ms,v60p2g,disponible
264,Jacobo,Letitia,Dami,Shillam,Honorable,pdEppF,disponible
265,Averell,Fabien,Stave,Osbidston,Rev,Mj53VR,disponible
266,Clemmie,Hermione,Yude,Dreinan,Rev,WjZ6GwB,disponible
267,Elisa,Ryun,Ashlin,Dumphries,Honorable,MPHESvJgnIlg,disponible
268,Kile,Jimmie,Kerley,Teather,Honorable,u2nG6JDJjQ,disponible
269,Daniella,Sauncho,Mangeot,Julian,Ms,ExcBKm4M2S,disponible
270,Zedekiah,Selene,Lilleycrop,Lumsdon,Ms,bEpAT14,disponible
271,Delcina,Trev,Binnion,Soden,Mrs,JJjmfU5mD,disponible
272,Mathe,Lazarus,Arsmith,Duffell,Mrs,BcnY8K,disponible
273,Mano,Olympe,Kingsnode,Whodcoat,Mrs,gg8SgeTo,disponible
274,Ernestus,Red,Sofe,Ackrill,Dr,w7qLcINd,disponible
275,Minetta,Lexy,Tebbit,Gurden,Rev,Z1DdUNDU6ifQ,disponible
276,Madalena,Gloria,Harmant,Gerrish,Mr,qgdZ8O4pyA,disponible
277,Zelda,Marietta,Troth,Buff,Honorable,wr7mRE,disponible
278,Ardys,Andreana,Krollman,Rayne,Mr,p6NrEJsIt,disponible
279,Ellette,Waldemar,Rigate,Yurenev,Mrs,AvhMeMv,disponible
280,Allayne,Tish,Vardey,Pagelsen,Rev,fAuub5e4T,disponible
281,Dorey,Ximenez,Albone,MacAlaster,Mr,CYQaKQDJq,disponible
282,Killie,Meade,Gatheral,McKeaveney,Mr,nf3aVFWh,disponible
283,Steve,Christy,Regitz,Handling,Mrs,hR4LVT6Rqk7T,disponible
284,Brit,Townie,O'Hickey,Filipovic,Mr,37FosZ,disponible
285,Christan,Kalina,Dwane,Roderighi,Rev,BLWJ169,disponible
286,Adeline,Marjory,Flescher,Pryn,Honorable,9z0j3st,disponible
287,Rriocard,Teddie,Pockey,Camsey,Honorable,HbKVN3D3e,disponible
288,Tina,Sampson,Tregenna,Stemp,Rev,majJTT6tVSi,disponible
289,Aubine,Garik,Mendez,Palek,Ms,8MX8MH,disponible
290,Shaylah,Benson,Bandt,Scholler,Mrs,pbzU4uWtsyL,disponible
291,Doroteya,Lib,Georghiou,Cashin,Mr,uHSNDS2ew,disponible
292,Emanuel,Sawyer,McAnellye,Pavlov,Mr,sGgN5Ikdp,disponible
293,Guinna,Valeria,Antram,Bolsteridge,Honorable,kPf2l7M,disponible
294,Ellen,Caye,Pomphrey,Ybarra,Mrs,C3mTZ5XbHBw,disponible
295,Montgomery,Cathie,Ghiron,Kienl,Honorable,guvpyc,disponible
296,Janine,Vikky,Yallop,Glossup,Honorable,AbBlpMU41Ll1,disponible
297,Tobe,Jone,Seamon,Rene,Mr,mZYIHOz99QA0,disponible
298,Seka,Craggy,Arblaster,Croley,Rev,2LckJVNbn,disponible
299,Titus,Constantia,Myall,Wharin,Ms,Ot3fqvm,disponible
300,Godiva,Vanya,Featenby,Jimmes,Honorable,GwIctzPf3,disponible
301,Jakob,Georgi,Halbord,Stuttard,Honorable,2TyUEh6,disponible
302,Claudina,Shir,Nancarrow,Greensite,Mr,8ZPUjGl86,disponible
303,Brietta,Morganne,Coade,Dabner,Mrs,XrDR0x54uYz,disponible
304,Antony,Saw,Pyvis,Dabnor,Dr,tLKTBP,disponible
305,Krystal,Aretha,Roger,Meeson,Dr,Z79rUo,disponible
306,Wallis,Petronia,Lambertson,Suter,Mrs,5WJCEEhJ3S,disponible
307,Brook,Gussie,Courteney,Slobom,Ms,5riySYe,disponible
308,Marjorie,Anetta,Garthland,Scarlon,Rev,ZYcAuiY,disponible
309,Tomlin,Rosita,Osmant,Dougill,Dr,L0evdkP,disponible
310,Seumas,Niel,Christy,Wilkerson,Honorable,AgoijSkFct,disponible
311,Beale,Morgen,MacDougall,Trevena,Mrs,0RigyONOm,disponible
312,Sybyl,Bertina,Wright,Robard,Honorable,HyYEkmaVH,disponible
313,Merridie,Aldon,Kinton,Claybourne,Dr,5T7gctBz,disponible
314,Nettle,Robinett,Tigwell,Gaenor,Mr,JmGCxfA,disponible
315,Griffy,Lainey,Seleway,Bratchell,Mrs,btUfdJ5,disponible
316,Ursala,Robinetta,Jeandet,Chapleo,Honorable,y03GbYz,disponible
317,Tedra,Roselia,Osanne,Taillant,Mr,Um7xpaiyKD,disponible
318,Audrye,Gilberto,Scullard,Nuccitelli,Honorable,7T7ahcHEv,disponible
319,Doreen,Howie,Swindells,Brigman,Rev,RnXQS4rTdQq,disponible
320,Hildy,Bear,Clamp,Inge,Mrs,scs7WjiS,disponible
321,Sallie,Clementina,Koch,Frere,Mr,s36LY7nT,disponible
322,Rosy,Ryun,Fretter,Craddock,Ms,Rp6OoUfNiK,disponible
323,Florentia,Cullie,Skeel,Vibert,Honorable,kf3oLkxz5e,disponible
324,Hattie,Kaela,Iscowitz,Copland,Ms,EWoxLV,disponible
325,Selma,Vilhelmina,Gumbley,Tarpey,Mrs,69OxDe,disponible
326,Marilyn,Kalle,Bastable,d' Elboux,Ms,nX73zIgJoMXf,disponible
327,Trudie,Karen,Linwood,De la Yglesias,Rev,Une3DnHrqcm,disponible
328,Nikos,Muhammad,Postin,Scotting,Ms,BaOiJmd,disponible
329,Laurette,Ara,Hasslocher,Wenden,Ms,m5IlaUZvZf,disponible
330,Forester,Joannes,Shropsheir,McSpirron,Mrs,jIsG6jqXus,disponible
331,Gabrila,Lusa,Wasiela,Blundin,Rev,gzal9U,disponible
332,Chip,Tirrell,Meeke,Dumbreck,Mr,dJBPbC9kgsz,disponible
333,Rafaellle,Nathanael,Benasik,Shurrocks,Rev,QFmMoNecVdH,disponible
334,Mirelle,Ronny,Simukov,Asquez,Ms,b0yuLpdc,disponible
335,Claudina,Constantia,Mitchard,Dimitrescu,Honorable,0bELSjEYRvT,disponible
336,Kaja,Neale,Guislin,Lesly,Honorable,zDmeWUmxBm,disponible
337,Daryl,Kizzee,Coventon,Mowbray,Mrs,pD3dqu,disponible
338,Marketa,Gabriellia,Epinoy,Hancorn,Mr,DNDrrcW,disponible
339,Rowland,Wells,Crat,Redolfi,Ms,C3z8mT2G8gJC,disponible
340,Vallie,York,Wince,Gomme,Mrs,xpCzgMydm7,disponible
341,Mic,Marylynne,Eltun,Annies,Mrs,JlRRo7L,disponible
342,Nye,Den,Ashworth,Giveen,Honorable,WxLwQl,disponible
343,Leta,Lizzy,Yurov,Pohls,Dr,AIbQ03fC7O,disponible
344,Natasha,Kelli,Barnardo,Canti,Rev,t9PNRD81,disponible
345,Abner,Garwood,Preble,Lackey,Honorable,YVANkDgILu9P,disponible
346,Junina,Lesley,Kern,Bohl,Dr,KLWtVHg,disponible
347,Jens,Salomo,Twohig,Haswell,Mr,G0Oc78ezP2u,disponible
348,Beatriz,Marje,Nurcombe,Mewha,Honorable,0vVPH7,disponible
349,Ase,Giovanni,Lohde,Ludwell,Mr,K3A9ISTYmsSh,disponible
350,Melicent,Clemmy,Zuenelli,Hyndes,Mrs,HWXLzC3Ljv,disponible
351,Marketa,Marlo,Ashdown,Ledgister,Rev,NlIJmc2,disponible
352,Monah,Ingemar,Kantor,Rosbrough,Honorable,XxSy9eW7jIY,disponible
353,Lenette,Karyn,Loch,Stratz,Rev,SWpVNQP3LwD,disponible
354,Vail,Lesya,Doherty,Lines,Honorable,yYuVG7SLn,disponible
355,Kori,Claudette,McGovern,Harby,Dr,4Msoe9v5RL,disponible
356,Esme,Ezmeralda,Acheson,Izaks,Mrs,1m7pLgiiGN,disponible
357,Florella,Matthieu,Kuscha,Gerrard,Dr,S6zePFR,disponible
358,Simmonds,Tersina,Dunmuir,Tremain,Mr,hGjTqx1,disponible
359,Currie,Tiler,Le Grove,Grogan,Honorable,2PEfjNH,disponible
360,Rudy,Ileane,Finn,Pinchon,Ms,Wg4Fu6E,disponible
361,Nanette,Dehlia,Selborne,Gorringe,Mrs,DKZUQ4xdU,disponible
362,Vern,Delphinia,Cockings,Yoslowitz,Honorable,kqrNf6ptdgzh,disponible
363,Bevvy,Giordano,Sibson,Grunwald,Ms,HHwfz5il8eO,disponible
364,Jolynn,Gun,Machel,Stienham,Rev,9feoLXV,disponible
365,Fey,Ketty,Cuttler,Minico,Dr,kGl1923ZCBWD,disponible
366,Janina,Verney,Lavrinov,Hickeringill,Honorable,wol5fWVM2pPp,disponible
367,Ardra,Chicky,Torfin,Sincock,Mrs,MJhbIwg4r4Cb,disponible
368,Loy,Phillida,Fearnehough,Meaden,Mr,4S6E9PKrMcm2,disponible
369,Kimberlee,Pavla,Plenty,Heppner,Honorable,jyzxSyUy,disponible
370,Courtney,Hyacinth,Edworthye,Kydde,Rev,O1j5eVw7vMx,disponible
371,Melli,Franklyn,Heyns,Poate,Honorable,ukjNJemH0BYi,disponible
372,Mommy,Mel,Gilbard,Wolver,Rev,qZneVEuN,disponible
373,Ingrid,Kristine,Privett,Kewzick,Mr,qTudbi8Sx,disponible
374,Vevay,Janet,Gooble,Bandy,Mrs,ivgaptkSmaT5,disponible
375,Kristel,Burk,Marwick,Copson,Mrs,unzdtDXujUCz,disponible
376,Aurora,Nicki,Marishenko,Francescoccio,Ms,Zm47X3cPKwT,disponible
377,Marlow,Kassandra,Dradey,Blaisdale,Rev,2tGbPgAhJ2,disponible
378,Angelle,Riobard,Bollon,Treble,Mr,jJfdOD,disponible
379,L;urette,Maurie,Morse,Eake,Dr,qwHbuAC,disponible
380,Darbie,Carroll,Rathmell,Yansons,Honorable,5XQbBqh,disponible
381,Rafael,Alfy,Jerrome,Allawy,Dr,OV7pvBicmg5G,disponible
382,Viole,Jedediah,Dorward,Bloschke,Mr,4y9EbDKMxb,disponible
383,Jen,Kathleen,Quilliam,Farrant,Rev,oYd8kHcNl,disponible
384,Shannon,Kerianne,Lighton,Hallut,Mr,q4pA9OX,disponible
385,Noach,Sheila-kathryn,Windas,Ainger,Rev,d1Bvso,disponible
386,Halley,Liz,Haug,Caustic,Dr,j2kzzl9eUk,disponible
387,Bren,Al,Brende,Brookes,Mr,Eeo2g13T7V,disponible
388,Lorry,Woodie,Lello,Shute,Mrs,CIvL9yJCryss,disponible
389,Nadeen,Nels,Izakoff,Blackborn,Dr,HOcRlVjNTmB3,disponible
390,Patty,Gertruda,Partner,Dunkerton,Mr,hQToWEmSexr0,disponible
391,Bryon,Angy,Tumbridge,Gergher,Rev,EaNlgR,disponible
392,Hedvig,Cherri,Airy,Zipsell,Ms,s8paTh,disponible
393,Hymie,Gracie,Enrrico,Heber,Honorable,mqWtHLeDRou,disponible
394,Gherardo,Jeannette,MacGillacolm,McAuslan,Dr,nQZ20gh,disponible
395,Neely,Baxter,Silverston,Daen,Rev,Mx9kTazmC5f,disponible
396,Esme,Cosetta,Terron,Brunsdon,Mrs,FjSFGZNcn,disponible
397,Jerrie,Billie,Alltimes,Cutmere,Honorable,jVsKfoQiSM,disponible
398,Ron,Kendal,Cutler,Roughley,Honorable,2dAyMj,disponible
399,Matthiew,Carlynne,Chamberlen,Root,Ms,R0T1HX89S,disponible
400,Vickie,Phillie,Fretson,Wrathmall,Mr,1HfGNpzm,disponible
401,Gard,Maje,Stiff,Lovart,Mrs,JWju5Fnj,disponible
402,Eddy,Addy,Birwhistle,Usborn,Honorable,rDK9vdsYgQd,disponible
403,Alfy,Sanders,Simmonite,Lansley,Dr,321ABA,disponible
404,Sheeree,Batholomew,Ilyunin,McGahey,Ms,jgqKbwYpz,disponible
405,Brena,Filippa,Klimkovich,Gunter,Rev,8r73ZWg5AkS,disponible
406,Dixie,Renato,Portress,Paulley,Ms,YYtmOU1DDMJO,disponible
407,Neville,Budd,Martinson,D'Antoni,Honorable,ablc8aq,disponible
408,Pablo,Lani,Winterburn,Wick,Rev,gpP4ppV,disponible
409,Maddalena,Vannie,Duignan,Rau,Mrs,GAaMKz,disponible
410,Jesse,Pietrek,Zoren,Orrett,Mr,mOqoCSW,disponible
411,Marinna,Leif,Frushard,Loeber,Mr,1wPTSufv3,disponible
412,Beatrix,Margaretha,Suttling,Galvan,Honorable,Vm1xJt94QG,disponible
413,William,Sharl,Blitzer,Bostock,Dr,PTAbJGpVJ,disponible
414,Dorey,Celestyna,Spriggen,Avent,Ms,MxiAmpy,disponible
415,Estele,Worden,Cockroft,Lowell,Mrs,6JYaPpRM,disponible
416,Gerrie,Maryl,Kell,Osanne,Honorable,qx6G5RSJ4gyQ,disponible
417,Lita,Auguste,Rominov,Maryin,Honorable,Z2zLgxzcmoAG,disponible
418,Batholomew,Isabel,Alphonso,Breeder,Dr,okVZxSje,disponible
419,Yettie,Elfreda,Blissett,Neve,Dr,dchpZs,disponible
420,Zeke,Patton,Wreiford,Santon,Mr,2byzLBMDkC,disponible
421,Buck,Jacobo,Idwal Evans,Halse,Rev,aQF7HAwx,disponible
422,Joann,Pepito,Daoust,Haet,Rev,TK4Vw93Rn,disponible
423,Sonya,Griffith,Liven,Matchett,Honorable,rGLF5OO9X,disponible
424,Adelaide,Angus,Lenton,Kops,Dr,r3f5Xn,disponible
425,Danni,Trever,Ritchley,Curtain,Honorable,F1wsezl,disponible
426,Lynett,Bessy,Shipsey,Durston,Mrs,hpedQbV,disponible
427,Evelyn,Jannelle,Bennis,Flucker,Rev,BwQGHGrpZ,disponible
428,Shelba,Nickolaus,Hutchin,Jore,Dr,t4adIhdR28,disponible
429,Rickie,Shepard,Simoes,Kinnoch,Honorable,emAvP6K,disponible
430,Georgi,Odie,Esser,Tanti,Dr,zkYgxj5hti,disponible
431,Jacquenetta,Theodor,Monks,Arthur,Honorable,UprTt1pOrVsI,disponible
432,Jammie,Dannye,Behrens,Knill,Mr,Ai3YUD7HR,disponible
433,Morrie,Melany,Plett,Flear,Mrs,mOroYm6IFKUk,disponible
434,Lorena,Cris,Deverose,Pursehouse,Dr,JvbugSze5XP,disponible
435,Ardine,Jackquelin,Jendricke,Raisher,Honorable,1DmhCVA7xgF,disponible
436,Adrian,Deloria,Berrey,Kane,Honorable,5Wgm2TDp,disponible
437,Tabby,Marcellina,Cossons,Swinnerton,Rev,joZ0ttxp3,disponible
438,Linell,Christalle,Plail,Lorrie,Honorable,GTvElB,disponible
439,Teador,Ariana,Bohlmann,Leyband,Ms,TDtF956k3,disponible
440,Gwenora,Jacky,Stinson,Scaddon,Rev,2gPWnsRL,disponible
441,Evangelina,Pete,Ranald,Delap,Mrs,LBCCRy,disponible
442,Donall,Luz,Merfin,Hamerton,Rev,X17LQE,disponible
443,Betsy,Adoree,Gaiger,Listone,Dr,nCyIx1jc8Iev,disponible
444,Staford,Adel,Revelle,Wigglesworth,Honorable,swlKMFk,disponible
445,Justinn,Aimee,Franiak,Penberthy,Mr,qdqw4lxj,disponible
446,Lemmy,Emeline,Bresner,Gascoigne,Honorable,iQm6vk16G3eY,disponible
447,Godfrey,Wilton,Thorlby,Gillio,Dr,dEIJIPhctp,disponible
448,Kristy,Katharyn,Ors,Cleen,Dr,BkDlHchW,disponible
449,Ike,Dolph,Francescone,Ternott,Honorable,ZW6oEu8v92,disponible
450,Brendis,Katina,Ashley,Sheppard,Honorable,oHtay2YhT,disponible
451,Archambault,Elisha,Petrusch,Cuttle,Mrs,9PzOHCZ,disponible
452,Wilma,Zared,Capon,Bertouloume,Mrs,ra5b7Tyg,disponible
453,Harmonie,Jeremy,Radband,Girardeau,Ms,qRz7ejFa1Fv4,disponible
454,Demetre,Washington,Gilbertson,Risen,Mr,4FMWoODLC44J,disponible
455,Darsey,Tome,Duval,Yannikov,Mrs,FS9XbteS,disponible
456,Dottie,Luelle,Merrigan,Vreiberg,Rev,v7b15kuK,disponible
457,Rutger,Erik,Chicchetto,Rawlcliffe,Dr,2fstYqJgVo,disponible
458,Lorelle,Allene,Cullip,Swanson,Dr,vD0vWms0m,disponible
459,Ameline,Aldwin,McKirton,Bernette,Mrs,4sRgGDI8Oz,disponible
460,Viv,Victoir,Tuffield,Gockeler,Mr,HFgsyjF24W,disponible
461,Natka,Kip,Mocquer,O'Keeffe,Mr,qGLwwu4,disponible
462,Margit,Helli,De Witt,Lindenbluth,Mr,SCShSvi270,disponible
463,Thibaut,Bruce,Basford,Mallinson,Dr,ygBaQZoSb,disponible
464,Kamillah,Mahmud,Stokell,Burne,Rev,lT8R8Nh3,disponible
465,Bryna,Roddy,Klemps,Gland,Mr,clwPPMxwkBr,disponible
466,Jeffry,Tera,Dally,Denys,Rev,jxh3za7iJm,disponible
467,Georgi,Rodrique,Sherwell,Lundy,Honorable,KfOKzt3,disponible
468,Lenna,Netti,Josephov,Headly,Mr,67NxWc13X4,disponible
469,Dian,Kata,Fehner,Skewes,Mr,TGDjJ05tL2j,disponible
470,Molli,Kris,Karoly,Soggee,Dr,n0fEwLBkbgWW,disponible
471,Marcie,Drucie,Rhead,Dorgan,Ms,MGsYs2GfmV,disponible
472,Bronnie,Jorge,Mc Kellen,Vasnev,Rev,thxvVnV,disponible
473,Jessee,Rivy,Amphlett,Ganderton,Mr,OKWZeAg,disponible
474,Ettie,Brynna,Causton,Sibthorp,Mr,kLx0BX2,disponible
475,Nannie,Sanford,Aysh,Worgen,Dr,ZPocPKNcP7af,disponible
476,Lonee,Keelby,Entwisle,Hamsley,Ms,37XXRLfPG1,disponible
477,Joli,Sybille,Kiddy,Corradeschi,Ms,3AQOkJG,disponible
478,Verina,Kordula,Bushe,Russon,Mrs,i6aw6wwb,disponible
479,Alexandro,Wilfrid,Winfield,Olerenshaw,Mr,3OTUgBzIKDIQ,disponible
480,Van,Bertha,Ferres,Faldo,Rev,yYw5efBPe,disponible
481,Whitby,Hildagarde,Axelby,Smullen,Ms,DqvDKVhj,disponible
482,Don,Alie,Casajuana,Deex,Honorable,HajMN1,disponible
483,Meir,Maggi,Wickett,Emberson,Rev,BtLybV,disponible
484,Danielle,Gladys,Gaymer,Cosgrave,Ms,HrVptmP,disponible
485,Levey,Bibbie,Gell,MacDermand,Ms,Y85PevdX,disponible
486,Dorolisa,Geordie,Champkin,Manion,Ms,3as4Hx,disponible
487,Elene,Leonerd,O'Hollegan,Rookwell,Honorable,FASrNzYNk1pR,disponible
488,Cate,Dyanne,Kedie,Hurrion,Dr,xU0F6YZ,disponible
489,Codi,Bee,Shasnan,Edensor,Dr,Y0Vtkh5H,disponible
490,Aharon,Eamon,Arnall,Sommerly,Honorable,vyo4hjW,disponible
491,Allie,Fritz,Belamy,Krystof,Honorable,FEkDuaKPe,disponible
492,Eloisa,Nedda,Pocklington,Macklam,Ms,Fw6IMM,disponible
493,Cara,Cordi,Whittlesee,Kinnon,Rev,KEdKIc,disponible
494,Erina,Philippine,Blackway,Banfill,Rev,sxuEAdZbDU,disponible
495,Ruddy,Gussy,Piesing,Jeacocke,Mr,afJAVqbY9B,disponible
496,Collen,Ernest,Tichner,Jurs,Honorable,O3ClXd6,disponible
497,Ibby,Lawrence,Jendrys,Jedrzejczyk,Rev,bL5tgU3,disponible
498,Heather,Helenelizabeth,Griffitts,Lattimore,Rev,IgQgG4Q,disponible
499,Fields,Brodie,Eicheler,Agglio,Mr,vpHUb2tF,disponible
500,Ripley,Issy,Dymocke,Starbeck,Dr,4orGwUp,disponible
501,Harrietta,Rhodia,Olliff,Basley,Ms,uKq8Ri6iyC,disponible
502,Ilene,Kelsey,Lowen,Keetch,Ms,8NJq9jBjv,disponible
503,My,Estel,Blackey,Meus,Mr,r9RqEAi,disponible
504,Brigid,Betteanne,Febre,Normansell,Mr,lQTf30g9d,disponible
505,Robinet,Renell,Twelve,Howells,Honorable,xg7nTO,disponible
506,Joeann,Darrel,Orrom,Fitchett,Rev,5ogLggl,disponible
507,Charlotte,Sybilla,Marwick,De la Yglesias,Honorable,Zsatp6m3F,disponible
508,Werner,Shanda,Spavon,Drescher,Mr,TQjILFD,disponible
509,Fawn,Catha,Gaywood,Hitcham,Honorable,oQTJNPjl,disponible
510,Cathryn,Rozalie,Pond,Hewins,Ms,oyYkU1G,disponible
511,Sonny,Rhys,McCowan,Franciotti,Ms,b7cPDg,disponible
512,Nels,Aggie,Plitz,Meynell,Mr,GuZskQvPw6P,disponible
513,Filberto,Rudie,Kirstein,Vyvyan,Ms,bmdMfi,disponible
514,Gilbert,Hirsch,Tother,Darby,Dr,q7nMyg3ok8Qc,disponible
515,Vlad,Magdalene,Rubinfeld,Paulton,Ms,KECxwf,disponible
516,Dicky,Marchall,Boness,Giabucci,Ms,4zYEMKiwon,disponible
517,Nikki,Myrtie,Lassey,Gouck,Rev,LwCgdwb66VEf,disponible
518,Kristien,Erick,Bosworth,Davis,Honorable,m0Y76Qj,disponible
519,Marchall,Oswell,Sudddard,Arundel,Honorable,G339qq,disponible
520,Dominique,Christian,Grubb,Snoddy,Honorable,JLkFWoxIq,disponible
521,Merilyn,Priscella,Headan,Ivanshintsev,Mrs,CpGYkiV,disponible
522,Chaunce,Jake,Chattock,Grisewood,Mrs,56hJZS,disponible
523,Zia,Reeva,Skupinski,Paybody,Rev,nbFGoRU,disponible
524,Warden,Steffie,Carragher,Folkard,Honorable,UVNgE5,disponible
525,Gustave,Chicky,Tyce,Petrushanko,Mr,qjowVKO8jEh,disponible
526,Latashia,Izabel,Troni,Dallosso,Mr,5MIjje3Q,disponible
527,Bil,Devlen,Blaxall,Hands,Ms,KZFXbbbzFl,disponible
528,Giorgi,Jobi,Whiteside,Imm,Rev,5ZLaxz8tU1DX,disponible
529,Bart,Diane,Bendig,Ritmeyer,Rev,Azo9gxo7,disponible
530,Max,Wanids,Pretor,Doonican,Dr,lrgdD5etAV,disponible
531,Hussein,Rebekah,Yerborn,Spaducci,Rev,Ohy6ZT62jzfc,disponible
532,Shurwood,Matthieu,Kensit,Ambresin,Dr,cDo1ztQrZjTU,disponible
533,Vida,Shirlene,Foard,Merritt,Mr,sZVuLGH,disponible
534,Florence,Moises,Flecknoe,Worton,Honorable,exNtUQizn6ey,disponible
535,Jen,Christoper,Linklater,McCraw,Mr,lqsgwLJ,disponible
536,Baron,Leigh,Currey,Carwardine,Honorable,ch59EqdWtP,disponible
537,Gilberta,Kellen,Gowler,Whetland,Mrs,3ZH33yBtHgOG,disponible
538,Beckie,Linn,Mandre,Bristowe,Dr,O2jFbKV,disponible
539,Hope,Humphrey,Fransewich,Luff,Mr,3230dF,disponible
540,Jerrome,Harlin,Tinmouth,Elliker,Rev,G3Wsv3HsFs,disponible
541,Asia,Ferdie,Tomney,Rainy,Honorable,f37qwCHzv,disponible
542,Geoff,Seline,Brandoni,Hulls,Mrs,cZQo9Q9SG,disponible
543,Ruthanne,Maitilde,Royle,McCague,Ms,8un43E8WwzBI,disponible
544,Dorelle,Kirstin,Peinke,Defries,Ms,cHABKXwgufSm,disponible
545,Neille,Svend,Aimeric,Swettenham,Ms,IraqD7CI,disponible
546,Godfrey,Quintana,Lovemore,MacVicar,Mr,YtHipJ2g,disponible
547,Juan,Phineas,Howels,Ashment,Mrs,CWT3QQj8,disponible
548,Sig,Jervis,Yitzowitz,Adamovitz,Mrs,YR1bftUy3VQl,disponible
549,Taber,Benny,Brecon,Godspeede,Mr,FyWsaYW1,disponible
550,Alida,Page,Doag,Mattson,Dr,qRuuK5pUgAJ,disponible
551,Madelin,Meyer,Mussett,Moakler,Honorable,9wQZwWuEJ,disponible
552,Miquela,Ulrika,Stansby,German,Mr,PSIQULD,disponible
553,Gannon,Curt,Sircombe,Sheardown,Rev,MWmdA4,disponible
554,Susi,Royal,Bodega,Grinin,Honorable,zfEHgr,disponible
555,Krysta,Ali,Stanlike,Brierton,Mrs,Qm74bwvCj2w,disponible
556,Evyn,Sybyl,Proughten,Nequest,Dr,odWHPnzgu,disponible
557,Sherwynd,Kaspar,Ellesworthe,Pledger,Rev,VjgHlsHT6N,disponible
558,Christabella,Nike,Scotcher,Isaq,Ms,Lo3jRxEUm,disponible
559,Sari,Dewie,Paddock,Errowe,Ms,TrdJAbO,disponible
560,Noe,Dud,Ralton,Tilbrook,Ms,gUGoAXvltC9,disponible
561,Ferguson,Victor,Bydaway,Myerscough,Mrs,w6ouWaPpc3A,disponible
562,Casey,Pyotr,Edyson,Shackesby,Dr,6QvveW0MhD63,disponible
563,Lorelei,Brantley,Scarfe,Joddins,Mr,8aP13Yn,disponible
564,Mitchael,Dynah,Culvey,Sisse,Rev,sq677n,disponible
565,Kaleena,Dalton,Goreway,Fairbeard,Rev,Mg6BlduM7Vk,disponible
566,Bettina,Torey,Monget,Gentreau,Honorable,xPiOsi7,disponible
567,Billie,Tiebout,Bengal,Defraine,Ms,vdtwp0JrAl,disponible
568,Liza,Giacinta,Frampton,Sliman,Ms,PJJvupZ0x,disponible
569,Gerta,Vernen,Abatelli,Jealous,Mr,ykwNjWViH,disponible
570,Virgina,Althea,Pickersail,Local,Dr,qHPzM64i,disponible
571,Ortensia,Bianka,Pulford,Niblett,Ms,q9gucl2r,disponible
572,Myrlene,Hinda,Verralls,Lavin,Dr,XwOTMqk,disponible
573,Maximilien,Ivor,Hanley,Sturr,Rev,EW3Hxf,disponible
574,Hobart,Bernie,Dolder,Bann,Mrs,tqiCfq3f,disponible
575,Burk,Ambrose,Matijasevic,Trayte,Rev,ZNsDkAlPkLum,disponible
576,Odessa,Tanya,Castellaccio,Preddle,Ms,0pDKNQa4p,disponible
577,Colly,Del,Pirson,Balkwill,Mrs,VkbDeOOkAIF,disponible
578,Tobias,Sumner,Screaton,Carwithan,Mrs,sVSi7eTIEYpp,disponible
579,Baryram,Darrelle,Hindrick,Champ,Dr,YaRuQ0D2PnNg,disponible
580,Michale,Tully,Clutten,Manton,Mr,LRfmHN,disponible
581,Mala,Natka,Georgievski,Shackleford,Honorable,S1ZApbovorX,disponible
582,Emmaline,Mitzi,Bea,Faint,Dr,yDFtqwkjuu,disponible
583,Dilly,Pamela,Desmond,Peers,Honorable,t5wH44V,disponible
584,Jordanna,Ermina,Duinbleton,Sanpher,Rev,EDO6VAOaS222,disponible
585,Sharia,Davin,Trudgian,Leyshon,Mr,EO7zrDuNHj,disponible
586,Chrisse,Egon,Ranscombe,Casacchia,Honorable,Ny2MoSyEp4,disponible
587,Alix,Kath,Sussems,Stidever,Mrs,0We63RPFyZl,disponible
588,Miguela,Amalie,Bourthoumieux,Brabham,Mr,nooV5Id5LzLJ,disponible
589,Asia,Elicia,Stegell,Leng,Mr,MOesKcxYHgkR,disponible
590,Ashton,Lief,Melville,Petrozzi,Ms,0d3BsH,disponible
591,Alvy,Regina,Croser,Moehle,Ms,5XK0ohhNZrZ,disponible
592,Elfrida,Aldric,Littlewood,Ganiclef,Rev,e6tLr8bK,disponible
593,Shandy,Rodie,Bulcock,Corn,Mr,Qh2gInqY,disponible
594,Brooke,Kali,Robottham,Jelkes,Rev,1tM5ztMsN9,disponible
595,Guthrey,Guido,Furzey,Witz,Mr,bhk6Be,disponible
596,Rancell,Bennie,Shire,Hammerman,Dr,24QHbPfj1c4,disponible
597,Gifford,Monica,Mattack,Jiroudek,Rev,fP87we5Q,disponible
598,Arlen,Ronna,Swale,Tedridge,Mrs,DucUq0,disponible
599,Wesley,Melisse,Lillow,Athridge,Ms,TJZBXRULB3W,disponible
600,Tam,Alyse,Slatcher,Loft,Rev,EOmS9Jb1,disponible
601,Granny,Timothy,Scorer,Macourek,Mr,WFk7jPIExU2,disponible
602,Violetta,Marnia,Voaden,Sprasen,Mr,P4OtFa7,disponible
603,Cary,Augusto,Philler,Daintree,Ms,oyAG5zRb,disponible
604,Rafaello,Angie,Grimster,Gaffer,Ms,TrLQBTl,disponible
605,Anatola,Halsey,Bradfield,McNickle,Honorable,1RuxJp,disponible
606,Simonne,Alyce,Benedicto,Dukelow,Mrs,odJXZRA,disponible
607,Boyd,Karlens,Kuhn,Yanyshev,Mr,vlQj1qE85vjV,disponible
608,Jermaine,Hamlin,Pape,Day,Mrs,s7cfZzPJ5Wm,disponible
609,Ansel,Myranda,Holtham,Baggally,Rev,EOJZjdtdm,disponible
610,Philippe,Muire,Taig,Hentze,Rev,CZwCrPTx9Mu3,disponible
611,Ermanno,Shelly,Goch,Karys,Mr,VOgM4bp2EEV5,disponible
612,Ely,Dennis,Renish,Rodenburg,Honorable,5aTMwUG6fwD,disponible
613,Valentia,Carolan,Richly,Dmytryk,Mr,5pEpLNAec,disponible
614,Collie,Waverly,Slamaker,Millier,Honorable,AHtGF2e4VoG,disponible
615,Sayer,Andrea,Aubri,Sibbet,Honorable,Sr3SS3fEv2,disponible
616,Haleigh,Filmore,Rosander,Fredi,Honorable,DMfnXwUipM,disponible
617,Sutherland,Lana,Jirick,Aldersey,Mrs,r5yBYO,disponible
618,Shannon,Bendix,Sidry,Holdron,Honorable,oegfcaEtQ,disponible
619,Pattie,Kate,Wetherell,Korfmann,Dr,5d2o7xV99WHz,disponible
620,Tori,Artemas,Illem,Spaice,Ms,MPptaoe,disponible
621,Beauregard,Valenka,Groarty,Swatton,Dr,YQFqkN72R,disponible
622,Manya,Putnam,Python,Rubinowicz,Mrs,nW4uze3,disponible
623,Annette,Matthus,Dormer,Zuanazzi,Honorable,UfYrZ5ugMSw,disponible
624,Boothe,Justis,Budding,Huson,Ms,ChhyVWXDfTz6,disponible
625,Gannon,Thadeus,Gamblin,Loweth,Ms,HNGRlZBBx,disponible
626,Sonya,Nev,McGrotty,Boulden,Rev,hVB5Fgu6,disponible
627,Clarabelle,Lia,Le Quesne,Growy,Honorable,SKuY5bR11,disponible
628,Daryl,Melvyn,Conechie,Glyssanne,Mr,9vljmzOzXNP,disponible
629,Earle,Queenie,Aleavy,Bernardoux,Ms,WzfILnLi36,disponible
630,Calida,Madelle,Quodling,Sobieski,Mrs,nVWlgZr7KL,disponible
631,Leif,Allistir,Boyington,Pigot,Mrs,gTmZBRakrI,disponible
632,Sebastiano,Hamil,Bloss,Alleyn,Ms,zQOIA2UlQX4,disponible
633,Pincus,Tamara,Woloschinski,Yallop,Dr,cHK2VOWFPe,disponible
634,Giralda,Penrod,Manneville,McKyrrelly,Dr,QAB8wa,disponible
635,Cristionna,Lorelei,Hinsch,Arents,Rev,l3z0N2HCmo,disponible
636,Manuel,Julie,Fish,Comello,Mr,FfDiadqzubs,disponible
637,Harper,Asher,Berget,Carradice,Mr,1dkeeUQXNU,disponible
638,Leeanne,Lillian,Carlill,Surpliss,Dr,WOuqhVq0,disponible
639,Terri,Huberto,Cruse,Fonquernie,Mrs,BwRr90,disponible
640,Quintina,Gertrude,Langhor,Grafhom,Mrs,4iKH4WbrANF,disponible
641,Myrle,Shirlee,Burnsides,Lory,Mrs,eolYfiRHFd,disponible
642,Tymon,Sunny,Alven,Lenney,Mrs,kZHk8O8,disponible
643,Mair,Adolphus,Gawith,Olekhov,Dr,kpObdi,disponible
644,Grace,Ruprecht,De Castri,Shingles,Rev,15vQk9iQy,disponible
645,Genia,Shalom,Kann,Risbridger,Mrs,eJkNpjGtJ5,disponible
646,Edmon,Fionnula,Batters,Marshfield,Dr,FNGSVlJ,disponible
647,Marget,Packston,Turnor,Scamaden,Dr,Po11Tnuk4Ei,disponible
648,Alikee,Michelle,Huddart,Laight,Ms,YCv19BKR2zeS,disponible
649,Melitta,Cy,Ruspine,Pittle,Mr,HQk89T7DiE,disponible
650,Marnia,Sampson,Crankhorn,Mirando,Rev,aJR69mS,disponible
651,Emma,Byron,Jolliss,Newlyn,Ms,kyLe4TEwPg3,disponible
652,Courtney,Tamarra,Seal,Willacot,Rev,3h0Bm57,disponible
653,Jephthah,Gibby,Middlehurst,Durak,Dr,lP2FBLKz5ep,disponible
654,Jeanine,Gert,Murrhaupt,Scading,Ms,ZfjTdw3kcZT,disponible
655,Norris,Rafi,Veldens,Harget,Mr,REiOno,disponible
656,Schuyler,Catlaina,Geistmann,Weblin,Mr,D8cBMYYxXA,disponible
657,Romeo,Pooh,Quilleash,Zorener,Mr,wqBbTDp,disponible
658,Prissie,El,Laws,MacLaren,Mr,gv1hAYwk1,disponible
659,Dare,Brittni,Uzelli,Lowre,Honorable,seZlEJ,disponible
660,Ardelis,Anneliese,Winspire,McCowen,Mr,fcXn9u7hI3PM,disponible
661,Aurelea,Susi,Dahill,Gianullo,Ms,Q4M2ZroP,disponible
662,Pooh,Hortense,McGuckin,Shildrick,Mrs,1IQRr4,disponible
663,Elyn,Edgar,Norcutt,Cabble,Mrs,De24NT9,disponible
664,Sharlene,Alyssa,Goreisr,Tschierasche,Mrs,forKTLlG5,disponible
665,Annabell,Amble,Corp,Flatt,Mrs,s55JqaP,disponible
666,Auroora,Karleen,Sille,Anten,Dr,GvfwK5Ca4HN,disponible
667,Basilius,Curr,Spencelayh,Mazonowicz,Ms,1nz8v9,disponible
668,Charlene,Keenan,Fitzharris,Ingilson,Mr,6CenAo,disponible
669,Garvey,Dunstan,Sargint,Thewles,Mr,IHexYZaT,disponible
670,Reiko,Duffie,Mackriell,Berzon,Mrs,xBfwPxlpLZx,disponible
671,Celesta,Orran,Willmot,Farney,Honorable,kUt61Pz8svhn,disponible
672,Susie,Eloise,Paskin,Targetter,Ms,76YUfY8Hqv,disponible
673,Silvan,Iain,Veltman,Kent,Mr,PludQ1Sints,disponible
674,Tania,Catha,Barbisch,Cassella,Dr,psKt9EgeXB,disponible
675,Nevile,Morrie,Pengilly,Pilger,Mrs,1T9d4WXBrxHW,disponible
676,Merlina,Shea,Woolston,Hutchings,Mrs,57Bdw1EXgOrm,disponible
677,Leonanie,Feliza,De Bernardi,de Banke,Honorable,RGmN9iCst,disponible
678,Benjy,Hermy,Jozsika,Woodrough,Mrs,R6NR0cTq,disponible
679,Skyler,Noak,Shilvock,Altamirano,Dr,lPdN8mg,disponible
680,Albert,Glen,Cirlos,Arnot,Dr,GxxCNBN,disponible
681,Candra,Cello,Drane,Thormwell,Dr,VkuP67z,disponible
682,Wendi,Randie,Woller,Clemes,Ms,lppPZJJ,disponible
683,Norine,Rayna,Reece,Tonkinson,Dr,h8m6IIR,disponible
684,Keith,Normand,Charrett,Yurov,Rev,0QuEM4Cw,disponible
685,Myrna,Rafaello,Bedingfield,Redgrave,Mrs,yGkCR4d4s,disponible
686,Dukie,Lars,Huyton,Niblo,Honorable,UHe6o9gz,disponible
687,Illa,Meriel,Fallens,Duffrie,Mr,d4hiU8Q0,disponible
688,Darrel,Jacinda,Hedgeman,Dicey,Mr,vqo4Cbeh4Os,disponible
689,Nollie,Carlyle,Tarbert,Burniston,Mr,dePoR5fNkZ,disponible
690,Hanson,Jody,Havenhand,Klimochkin,Honorable,QLBIHdAlgS,disponible
691,Pyotr,Rawley,O'Riordan,De Ferrari,Mrs,pfakbD9C5,disponible
692,Sile,Vladamir,Van Zon,Larkkem,Rev,SI72VqHq,disponible
693,Melody,Xenos,Pakeman,Belcham,Rev,BAKXXP032h,disponible
694,Bambi,Ronna,Indgs,Letteresse,Rev,FAuKknI,disponible
695,Stephan,Cate,Guinness,Itzkovsky,Mr,slpZUrRs,disponible
696,Portia,Cybill,Androli,Houndesome,Honorable,dlzc6Z,disponible
697,Caesar,Raynor,Taysbil,Clyde,Honorable,L4sDIUc1v,disponible
698,Meghan,Edyth,Manwaring,Wyre,Ms,YoWy3XvY,disponible
699,Pierce,Vanya,Coleborn,Cabble,Ms,hGmB0HL,disponible
700,Shayne,Lamar,Everard,Mulqueeny,Honorable,JpYKdMUHxmO,disponible
